comment_id,video_id,parent_comment_id,is_reply,comment_text_raw,comment_text_clean,author_display_name,published_utc,updated_utc,like_count,total_reply_count,language,label,misinfo_flag,video_title,video_url,thumbnail_file,upload_date,raw_word_count,clean_word_count,likely_invalid,review_note,published_day,published_month,published_year,published_time
Ugy5Bb6CUAAZ7as2VN94AaABAg,9JBu8s-3fCw,,0,We are living in a date when Youtubers giving information and News Media giving entertainment of toxicity,We are living in a date when Youtubers giving information and News Media giving entertainment of toxicity,@Mdsohel-gf6qi,2021-05-06 13:03:49+00:00,2021-05-06T16:09:22Z,2884,86,English,neutral,,Which is the Best Vaccine? Covaxin vs Covishield | Dhruv Rathee,https://www.youtube.com/watch?v=9JBu8s-3fCw,https://i.ytimg.com/vi/9JBu8s-3fCw/default.jpg,06-05-2021,17,17,FALSE,,6,5,2021,13:03:49
UgxmuXzwTKpYCud85SB4AaABAg,9JBu8s-3fCw,,0,Who is here after Covi Shield causes Heart attack??,Who is here after Covi Shield causes Heart attack?,@wills745,2024-04-30 07:59:20+00:00,2024-04-30T07:59:20Z,571,19,English,anti,yes,Which is the Best Vaccine? Covaxin vs Covishield | Dhruv Rathee,https://www.youtube.com/watch?v=9JBu8s-3fCw,https://i.ytimg.com/vi/9JBu8s-3fCw/default.jpg,06-05-2021,9,9,FALSE,,30,4,2024,07:59:20
UgwKJCdhc30ZLOrZH6R4AaABAg,9JBu8s-3fCw,,0,"My best freind suffering from covid 19 his on ventilator, pray for him guyss🙏🏻🙏🏻🥺","My best freind suffering from covid 19 his on ventilator, pray for him guyss",@hardikgandhi8412,2021-05-06 17:02:14+00:00,2021-05-06T17:02:14Z,728,33,English,neutral,,Which is the Best Vaccine? Covaxin vs Covishield | Dhruv Rathee,https://www.youtube.com/watch?v=9JBu8s-3fCw,https://i.ytimg.com/vi/9JBu8s-3fCw/default.jpg,06-05-2021,14,14,FALSE,,6,5,2021,17:02:14
UgwTRD8KRe4bqucOMQt4AaABAg,9JBu8s-3fCw,,0,Who is here after covishield looses the case,Who is here after covishield looses the case,@ramanbains6217,2024-04-30 12:57:45+00:00,2024-04-30T12:57:45Z,91,3,English,anti,,Which is the Best Vaccine? Covaxin vs Covishield | Dhruv Rathee,https://www.youtube.com/watch?v=9JBu8s-3fCw,https://i.ytimg.com/vi/9JBu8s-3fCw/default.jpg,06-05-2021,8,8,FALSE,,30,4,2024,12:57:45
Ugz7wD26S_A0YuhJ2UR4AaABAg,9JBu8s-3fCw,,0,"my brother and mother both are covid positive, please pray for them 🙏 😭  Edit: Now my whole family is positive :( Edit 2: All of us are taking regular meds now as prescribed by doctor, thanks for the prayers everyone! 😁","my brother and mother both are covid positive, please pray for them Edit Now my whole family is positive Edit 2 All of us are taking regular meds now as prescribed by doctor, thanks for the prayers everyone!",@VotrX,2021-05-08 18:21:58+00:00,2021-05-13T16:12:28Z,727,31,English,pro,,Which is the Best Vaccine? Covaxin vs Covishield | Dhruv Rathee,https://www.youtube.com/watch?v=9JBu8s-3fCw,https://i.ytimg.com/vi/9JBu8s-3fCw/default.jpg,06-05-2021,42,38,FALSE,,8,5,2021,18:21:58
UgwoYdLN7FjR8nEM87J4AaABAg,9JBu8s-3fCw,,0,Who are still Covid free from last 2 years? Just thank to God ❤️🙏🇮🇳Hope everyone will Recover Very soon in the entire World.,Who are still Covid free from last 2 years? Just thank to God Hope everyone will Recover Very soon in the entire World.,@arunvlogs2516,2021-05-06 11:43:57+00:00,2021-05-06T11:43:57Z,678,45,English,neutral,,Which is the Best Vaccine? Covaxin vs Covishield | Dhruv Rathee,https://www.youtube.com/watch?v=9JBu8s-3fCw,https://i.ytimg.com/vi/9JBu8s-3fCw/default.jpg,06-05-2021,23,23,FALSE,,6,5,2021,11:43:57
UgwzhiLa0fUB9Qqkhzd4AaABAg,9JBu8s-3fCw,,0,My grandmother died from covid yesterday😭😭.please pray for departed soul😭,My grandmother died from covid yesterday .please pray for departed soul,@latestdesignwithjasmine4386,2021-05-06 14:01:23+00:00,2021-05-06T14:01:23Z,917,87,English,neutral,,Which is the Best Vaccine? Covaxin vs Covishield | Dhruv Rathee,https://www.youtube.com/watch?v=9JBu8s-3fCw,https://i.ytimg.com/vi/9JBu8s-3fCw/default.jpg,06-05-2021,10,11,FALSE,,6,5,2021,14:01:23
UgxZrBqdCQ1qxio9rc94AaABAg,9JBu8s-3fCw,,0,"If someone in your family battling with Covid, I pray for their speedy recovery.  Hold on things will get better soon ❤️","If someone in your family battling with Covid, I pray for their speedy recovery. Hold on things will get better soon",@theumbrellastore,2021-05-10 20:24:24+00:00,2021-05-10T20:24:24Z,506,1,English,neutral,,Which is the Best Vaccine? Covaxin vs Covishield | Dhruv Rathee,https://www.youtube.com/watch?v=9JBu8s-3fCw,https://i.ytimg.com/vi/9JBu8s-3fCw/default.jpg,06-05-2021,22,21,FALSE,,10,5,2021,20:24:24
UgxMNGM0hS4mirt2WiF4AaABAg,9JBu8s-3fCw,,0,"0:00 Introduction 01:01 Most Common Side Effects 03:16 Types of Vaccines 06:02 Covaxin vs Covishield 08:13 Vaccines for Children? 09:29 Diabetic, Asthma & Cancer Patients  10:41 Vaccines for Pregnant Women? 12:06 Effectivity against New Strains 12:49 What if we take only One dose? 13:17 Infected after the First Dose? 14:47 Recovered vs Vaccinated Person","0 00 Introduction 01 01 Most Common Side Effects 03 16 Types of Vaccines 06 02 Covaxin vs Covishield 08 13 Vaccines for Children? 09 29 Diabetic, Asthma Cancer Patients 10 41 Vaccines for Pregnant Women? 12 06 Effectivity against New Strains 12 49 What if we take only One dose? 13 17 Infected after the First Dose? 14 47 Recovered vs Vaccinated Person",@tinytech5626,2021-05-28 06:00:07+00:00,2021-05-28T06:00:07Z,1162,24,English,neutral,,Which is the Best Vaccine? Covaxin vs Covishield | Dhruv Rathee,https://www.youtube.com/watch?v=9JBu8s-3fCw,https://i.ytimg.com/vi/9JBu8s-3fCw/default.jpg,06-05-2021,54,64,FALSE,timestamp,28,5,2021,06:00:07
UgwpWPc4kOD97m7lr0F4AaABAg,9JBu8s-3fCw,,0,"Please pray for those who are on ventilators,oxygen and those who  departed may their soul rest in peace,🤲🤲🤲🙏","Please pray for those who are on ventilators,oxygen and those who departed may their soul rest in peace,",@constantinrodrigues3668,2021-05-06 15:12:33+00:00,2021-05-06T15:12:33Z,381,4,English,neutral,,Which is the Best Vaccine? Covaxin vs Covishield | Dhruv Rathee,https://www.youtube.com/watch?v=9JBu8s-3fCw,https://i.ytimg.com/vi/9JBu8s-3fCw/default.jpg,06-05-2021,18,18,FALSE,,6,5,2021,15:12:33
Ugxp7niwjOR8-Q8ao6N4AaABAg,9JBu8s-3fCw,,0,"हिन्दू हो या मुस्लमान ,  नवरात्र हो या रमज़ान ❤️ सब मिलकर दुआ करो , ख़ाली रहे देश के शमशान और कब्रिस्तान 🙏","ह न द ह य म स लम न , नवर त र ह य रमज न सब म लकर द आ कर , ख ल रह द श क शमश न और कब र स त न",@devvratdevbharti11,2021-05-06 11:24:34+00:00,2021-05-06T11:24:34Z,2607,136,Hindi,neutral,,Which is the Best Vaccine? Covaxin vs Covishield | Dhruv Rathee,https://www.youtube.com/watch?v=9JBu8s-3fCw,https://i.ytimg.com/vi/9JBu8s-3fCw/default.jpg,06-05-2021,23,38,FALSE,,6,5,2021,11:24:34
UgzrDXENRuqbrZFIB4t4AaABAg,9JBu8s-3fCw,,0,"What amazes me there is no Chinese virus but sure there are UK strain, Indian strain and South African strain. Great Job WHO.","What amazes me there is no Chinese virus but sure there are UK strain, Indian strain and South African strain. Great Job WHO.",@shlokishan1645,2021-05-08 00:53:33+00:00,2021-05-08T00:53:33Z,496,39,English,neutral,,Which is the Best Vaccine? Covaxin vs Covishield | Dhruv Rathee,https://www.youtube.com/watch?v=9JBu8s-3fCw,https://i.ytimg.com/vi/9JBu8s-3fCw/default.jpg,06-05-2021,23,23,FALSE,,8,5,2021,00:53:33
UgxU-gjKH6FhFqAuufZ4AaABAg,9JBu8s-3fCw,,0,This is the most scientifically accurate information about vaccines. Also easy to understand language. This video should be played at all vaccination centers.,This is the most scientifically accurate information about vaccines. Also easy to understand language. This video should be played at all vaccination centers.,@Çarvaak,2021-05-07 05:14:20+00:00,2021-05-07T05:14:20Z,322,11,English,pro,,Which is the Best Vaccine? Covaxin vs Covishield | Dhruv Rathee,https://www.youtube.com/watch?v=9JBu8s-3fCw,https://i.ytimg.com/vi/9JBu8s-3fCw/default.jpg,06-05-2021,23,23,FALSE,,7,5,2021,05:14:20
UgxoiS1EAErn2nWL9114AaABAg,9JBu8s-3fCw,,0,"I took Covishield -1st dose 2 days back. I got fever and chills for a day. Now all good. Feeling normal.  Few precautions I could think of with my experience. 1. Take rest after vaccination at least for a day if you are feeling tired. 2. Govt is providing paracetamol tablets after vaccination done. You can take if you are getting feeling of fever. I took vaccine in the noon. Till late evening nothing happened. But by going for sleep I got feeling of fever. And paracetamol helped me to recover fast. So, in short whenever you get your turn, go for vaccination. That way only we all can beat the Corona crisis.","I took Covishield -1st dose 2 days back. I got fever and chills for a day. Now all good. Feeling normal. Few precautions I could think of with my experience. 1. Take rest after vaccination at least for a day if you are feeling tired. 2. Govt is providing paracetamol tablets after vaccination done. You can take if you are getting feeling of fever. I took vaccine in the noon. Till late evening nothing happened. But by going for sleep I got feeling of fever. And paracetamol helped me to recover fast. So, in short whenever you get your turn, go for vaccination. That way only we all can beat the Corona crisis.",@vikaspt9,2021-05-06 11:24:31+00:00,2021-05-06T11:52:45Z,355,46,English,pro,,Which is the Best Vaccine? Covaxin vs Covishield | Dhruv Rathee,https://www.youtube.com/watch?v=9JBu8s-3fCw,https://i.ytimg.com/vi/9JBu8s-3fCw/default.jpg,06-05-2021,113,113,FALSE,,6,5,2021,11:24:31
UgzoqycZMyvYNWsLiPV4AaABAg,9JBu8s-3fCw,,0,"Dhruv,  please see if you can collaborate with regional vloggers to dub this video to regional languages. This is one of the most important vlogs on covid and please take it as your responsibility to ensure this reaches maximum people.","Dhruv, please see if you can collaborate with regional vloggers to dub this video to regional languages. This is one of the most important vlogs on covid and please take it as your responsibility to ensure this reaches maximum people.",@gokulsukesan,2021-05-06 14:03:24+00:00,2021-05-06T14:03:24Z,440,22,English,pro,,Which is the Best Vaccine? Covaxin vs Covishield | Dhruv Rathee,https://www.youtube.com/watch?v=9JBu8s-3fCw,https://i.ytimg.com/vi/9JBu8s-3fCw/default.jpg,06-05-2021,40,40,FALSE,,6,5,2021,14:03:24
UgzPhdDQJz6Fq0tIvPR4AaABAg,9JBu8s-3fCw,,0,All vaccine are best bcos jab tak Russian melegi tab tak yeh wali vaccine kaam kar jayegi!,All vaccine are best bcos jab tak Russian melegi tab tak yeh wali vaccine kaam kar jayegi!,@JatraOdisha,2021-05-06 11:45:55+00:00,2021-05-06T11:45:55Z,2339,131,Code mixed,pro,,Which is the Best Vaccine? Covaxin vs Covishield | Dhruv Rathee,https://www.youtube.com/watch?v=9JBu8s-3fCw,https://i.ytimg.com/vi/9JBu8s-3fCw/default.jpg,06-05-2021,17,17,FALSE,,6,5,2021,11:45:55
Ugzr_flLykLbkkZ4nk14AaABAg,9JBu8s-3fCw,,0,Dr. Gagandeep Kang is very renowned virologist in India. Thanks dhruv for very informative video,Dr. Gagandeep Kang is very renowned virologist in India. Thanks dhruv for very informative video,@PavanHareeshK,2021-05-07 08:27:16+00:00,2021-05-07T08:27:16Z,283,7,English,pro,,Which is the Best Vaccine? Covaxin vs Covishield | Dhruv Rathee,https://www.youtube.com/watch?v=9JBu8s-3fCw,https://i.ytimg.com/vi/9JBu8s-3fCw/default.jpg,06-05-2021,15,15,FALSE,,7,5,2021,08:27:16
Ugz-aMRMEjhy_B7Bgf54AaABAg,9JBu8s-3fCw,,0,"""Hi Rathee,thanks for giving us 3 knowledgeable videos back to back""","Hi Rathee,thanks for giving us 3 knowledgeable videos back to back",@nikhilvermassc,2021-05-07 07:40:58+00:00,2021-05-07T07:41:16Z,47,11,English,pro,,Which is the Best Vaccine? Covaxin vs Covishield | Dhruv Rathee,https://www.youtube.com/watch?v=9JBu8s-3fCw,https://i.ytimg.com/vi/9JBu8s-3fCw/default.jpg,06-05-2021,11,11,FALSE,,7,5,2021,07:40:58
UgwyFWduuFcdrHJ5mLJ4AaABAg,9JBu8s-3fCw,,0,this 16 min video is more insightful than watching 1 month of news channels.,this 16 min video is more insightful than watching 1 month of news channels.,@BhuvneshManchanda,2021-05-10 15:39:10+00:00,2021-05-10T15:39:10Z,256,8,English,pro,,Which is the Best Vaccine? Covaxin vs Covishield | Dhruv Rathee,https://www.youtube.com/watch?v=9JBu8s-3fCw,https://i.ytimg.com/vi/9JBu8s-3fCw/default.jpg,06-05-2021,14,14,FALSE,,10,5,2021,15:39:10
Ugz6tNnbQe72WqSIrgh4AaABAg,9JBu8s-3fCw,,0,"Wow, this video is really a soooooooo sooooooooo sooooooooo soooooooo good. 100% recommendable and I am going to share it to all the social media and whatsApp groups and relatives. And I think you should too share it too. Thank you for such a wonderful video. 🙏🙏🙏🙏","Wow, this video is really a soooooooo sooooooooo sooooooooo soooooooo good. 100 recommendable and I am going to share it to all the social media and whatsApp groups and relatives. And I think you should too share it too. Thank you for such a wonderful video.",@TenzinShangkapa,2021-05-06 15:00:38+00:00,2021-05-06T15:00:38Z,42,0,English,pro,,Which is the Best Vaccine? Covaxin vs Covishield | Dhruv Rathee,https://www.youtube.com/watch?v=9JBu8s-3fCw,https://i.ytimg.com/vi/9JBu8s-3fCw/default.jpg,06-05-2021,47,46,FALSE,,6,5,2021,15:00:38
UgyePkxT_3XYlN6wRyl4AaABAg,9JBu8s-3fCw,,0,Man i wish my professors taught me like this 😂,Man i wish my professors taught me like this,@pepe_the_frrog,2021-05-06 15:11:14+00:00,2021-05-06T15:11:14Z,106,9,English,pro,,Which is the Best Vaccine? Covaxin vs Covishield | Dhruv Rathee,https://www.youtube.com/watch?v=9JBu8s-3fCw,https://i.ytimg.com/vi/9JBu8s-3fCw/default.jpg,06-05-2021,10,9,FALSE,,6,5,2021,15:11:14
UgzcNvnjWgggqKDFgnZ4AaABAg,9JBu8s-3fCw,,0,"देश उन मुश्किल हालातों से गुज़र रहा है, जहाँ जिंदा  रहना ही विकास माना जा सकता है!...","द श उन म श क ल ह ल त स ग ज़र रह ह , जह ज द रहन ह व क स म न ज सकत ह .",@MrAIM-ls5ni,2021-05-06 19:10:58+00:00,2021-05-06T19:10:58Z,125,10,Hindi,neutral,,Which is the Best Vaccine? Covaxin vs Covishield | Dhruv Rathee,https://www.youtube.com/watch?v=9JBu8s-3fCw,https://i.ytimg.com/vi/9JBu8s-3fCw/default.jpg,06-05-2021,17,30,FALSE,,6,5,2021,19:10:58
UgwlVm9SYe6rRQiXJUp4AaABAg,9JBu8s-3fCw,,0,"ध्रुव भाई !... जो मौके पे मिल जाए, और चौका मार जाए!.... वही अच्छी वैक्सीन है!🤔","ध र व भ ई . ज म क प म ल ज ए, और च क म र ज ए. वह अच छ व क स न ह !",@MrAIM-ls5ni,2021-05-06 12:30:15+00:00,2021-05-06T12:30:15Z,36,0,Hindi,neutral,,Which is the Best Vaccine? Covaxin vs Covishield | Dhruv Rathee,https://www.youtube.com/watch?v=9JBu8s-3fCw,https://i.ytimg.com/vi/9JBu8s-3fCw/default.jpg,06-05-2021,16,30,FALSE,,6,5,2021,12:30:15
Ugyeu7WsFO0fldMl9zd4AaABAg,9JBu8s-3fCw,,0,Bhai ab updated news pe bhi video banado. Its side effects. Eagerly waiting for,Bhai ab updated news pe bhi video banado. Its side effects. Eagerly waiting for,@Desigirlvibes99,2024-05-01 09:42:42+00:00,2024-05-01T09:42:42Z,10,0,Code mixed,neutral,,Which is the Best Vaccine? Covaxin vs Covishield | Dhruv Rathee,https://www.youtube.com/watch?v=9JBu8s-3fCw,https://i.ytimg.com/vi/9JBu8s-3fCw/default.jpg,06-05-2021,14,14,FALSE,,1,5,2024,09:42:42
UgzdqJyLZv3IWm7CFu94AaABAg,9JBu8s-3fCw,,0,Pray God to bring the situation normal 🙏,Pray God to bring the situation normal,@saurabhkumar-is3rb,2021-05-06 11:59:20+00:00,2021-05-06T11:59:20Z,66,5,English,neutral,,Which is the Best Vaccine? Covaxin vs Covishield | Dhruv Rathee,https://www.youtube.com/watch?v=9JBu8s-3fCw,https://i.ytimg.com/vi/9JBu8s-3fCw/default.jpg,06-05-2021,8,7,FALSE,,6,5,2021,11:59:20
UgxMoqvuAfxCDTAhSfF4AaABAg,9JBu8s-3fCw,,0,Thank you Madam!! On that day i listen to you Love from Hyderabad......... today proved.,Thank you Madam! On that day i listen to you Love from Hyderabad. today proved.,@mahboobsiddiqui5398,2024-04-30 17:04:55+00:00,2024-04-30T17:04:55Z,7,0,English,pro,,Which is the Best Vaccine? Covaxin vs Covishield | Dhruv Rathee,https://www.youtube.com/watch?v=9JBu8s-3fCw,https://i.ytimg.com/vi/9JBu8s-3fCw/default.jpg,06-05-2021,15,15,FALSE,,30,4,2024,17:04:55
Ugwb9lFEjEyWZggu-S14AaABAg,9JBu8s-3fCw,,0,६ कक्षा: किसी चीज के जलने🔥 के लिए ऑक्सीजन की आवश्यकता होती है। मगर भारत🇮🇳 तो इसके बगैरही जल🔥 रहा है।,६ कक ष क स च ज क जलन क ल ए ऑक स जन क आवश यकत ह त ह मगर भ रत त इसक बग रह जल रह ह,@sifr-in,2021-05-06 12:38:31+00:00,2021-05-06T12:38:31Z,26,0,Hindi,neutral,,Which is the Best Vaccine? Covaxin vs Covishield | Dhruv Rathee,https://www.youtube.com/watch?v=9JBu8s-3fCw,https://i.ytimg.com/vi/9JBu8s-3fCw/default.jpg,06-05-2021,21,31,FALSE,,6,5,2021,12:38:31
Ugw_tpSbfxA_YaxJn-Z4AaABAg,9JBu8s-3fCw,,0,Please prayer for my Mother 🙏🏻🙏🏻🙏🏻 Corona positive hai unka Negative aa jaye hospital mein hai 🙏🏻🙏🏻🙏🏻 waheguru g,Please prayer for my Mother Corona positive hai unka Negative aa jaye hospital mein hai waheguru g,@theikky2122,2021-05-08 16:02:14+00:00,2021-05-08T16:02:14Z,209,10,Code mixed,neutral,,Which is the Best Vaccine? Covaxin vs Covishield | Dhruv Rathee,https://www.youtube.com/watch?v=9JBu8s-3fCw,https://i.ytimg.com/vi/9JBu8s-3fCw/default.jpg,06-05-2021,19,17,FALSE,,8,5,2021,16:02:14
Ugzu0JyjVx1w3yfRXut4AaABAg,9JBu8s-3fCw,,0,I'm Master in Microbiology but your explanation is very concise and knowledgeful even non medic can comprehend.,I'm Master in Microbiology but your explanation is very concise and knowledgeful even non medic can comprehend.,@brownman3654,2021-05-06 17:18:56+00:00,2021-05-06T17:18:56Z,58,4,English,pro,,Which is the Best Vaccine? Covaxin vs Covishield | Dhruv Rathee,https://www.youtube.com/watch?v=9JBu8s-3fCw,https://i.ytimg.com/vi/9JBu8s-3fCw/default.jpg,06-05-2021,17,17,FALSE,,6,5,2021,17:18:56
UgyE-GBtw137uW_iakV4AaABAg,9JBu8s-3fCw,,0,Kon Kon Covishield liya hai Meri Tarah,Kon Kon Covishield liya hai Meri Tarah,@AryanChawla27,2024-05-04 04:33:22+00:00,2024-05-04T04:33:22Z,13,2,Code mixed,pro,,Which is the Best Vaccine? Covaxin vs Covishield | Dhruv Rathee,https://www.youtube.com/watch?v=9JBu8s-3fCw,https://i.ytimg.com/vi/9JBu8s-3fCw/default.jpg,06-05-2021,7,7,FALSE,,4,5,2024,04:33:22
Ugw0hFY5yyBLsSvd-yZ4AaABAg,9JBu8s-3fCw,,0,It's an easiest way to get a trustable information about any fields than watching Indian news channel.👍,It's an easiest way to get a trustable information about any fields than watching Indian news channel.,@omkartikkal9425,2021-05-07 01:19:38+00:00,2021-05-07T01:19:38Z,44,0,English,pro,,Which is the Best Vaccine? Covaxin vs Covishield | Dhruv Rathee,https://www.youtube.com/watch?v=9JBu8s-3fCw,https://i.ytimg.com/vi/9JBu8s-3fCw/default.jpg,06-05-2021,17,17,FALSE,,7,5,2021,01:19:38
UgxGugPfrOHG1sa8t7x4AaABAg,9JBu8s-3fCw,,0,"The country is going through difficult situations, where survival can be considered as development!!","The country is going through difficult situations, where survival can be considered as development!",@MrAIM-ls5ni,2021-05-06 19:32:24+00:00,2021-05-06T19:32:24Z,11,1,English,neutral,,Which is the Best Vaccine? Covaxin vs Covishield | Dhruv Rathee,https://www.youtube.com/watch?v=9JBu8s-3fCw,https://i.ytimg.com/vi/9JBu8s-3fCw/default.jpg,06-05-2021,14,14,FALSE,,6,5,2021,19:32:24
UgyK0jMnySH1MHGxgR54AaABAg,vt2tcaeQXI0,,0,1:05 How do Vaccines Work? 2:59 Types of Vaccines 4:31 Importance of Vaccines  5:06 Time Taken to make a Vaccine 8:09 Status of COVID-19 Vaccine 10:57 Indian Vaccines,1 05 How do Vaccines Work? 2 59 Types of Vaccines 4 31 Importance of Vaccines 5 06 Time Taken to make a Vaccine 8 09 Status of COVID-19 Vaccine 10 57 Indian Vaccines,@dhruvrathee,2020-07-07 09:50:24+00:00,2020-07-07T09:50:24Z,3302,287,English,neutral,,Reality of COVID-19 Vaccine | Dhruv Rathee,https://www.youtube.com/watch?v=vt2tcaeQXI0,https://i.ytimg.com/vi/vt2tcaeQXI0/default.jpg,07-07-2020,28,34,FALSE,timestamp,7,7,2020,09:50:24
Ugw7g-1Y8ZYLbFb1TT54AaABAg,vt2tcaeQXI0,,0,I like the way he didn't waste his time discussing about coronil.. he was like de diya mann hai toh dekh lena aisa kuch khas nhi hai 😂👌,I like the way he didn't waste his time discussing about coronil. he was like de diya mann hai toh dekh lena aisa kuch khas nhi hai,@AdityaSharan811,2020-07-07 12:23:01+00:00,2020-07-07T12:23:01Z,1093,49,Code mixed,neutral,,Reality of COVID-19 Vaccine | Dhruv Rathee,https://www.youtube.com/watch?v=vt2tcaeQXI0,https://i.ytimg.com/vi/vt2tcaeQXI0/default.jpg,07-07-2020,28,27,FALSE,,7,7,2020,12:23:01
Ugwoo-hwK3jWzzk28AV4AaABAg,vt2tcaeQXI0,,0,Why it takes long time to develop a vaccine ? Scientists:Yeh kya maggi bnarela ha kya mein idhar ?,Why it takes long time to develop a vaccine ? Scientists Yeh kya maggi bnarela ha kya mein idhar ?,@munnabhaiya5428,2020-07-08 04:04:09+00:00,2020-07-08T04:04:09Z,230,8,Code mixed,pro,,Reality of COVID-19 Vaccine | Dhruv Rathee,https://www.youtube.com/watch?v=vt2tcaeQXI0,https://i.ytimg.com/vi/vt2tcaeQXI0/default.jpg,07-07-2020,19,20,FALSE,,8,7,2020,04:04:09
UgyzLEkwuBQTnb8A80d4AaABAg,vt2tcaeQXI0,,0,I'm a doctor and things he's saying are factually correct! He's saying exactly what is written in microbiology and pharmacology textbooks! *Kudos Rathee for the research!*,I'm a doctor and things he's saying are factually correct! He's saying exactly what is written in microbiology and pharmacology textbooks! Kudos Rathee for the research!,@utkarshkumar29,2020-07-07 10:45:20+00:00,2020-07-07T11:22:05Z,871,80,English,pro,,Reality of COVID-19 Vaccine | Dhruv Rathee,https://www.youtube.com/watch?v=vt2tcaeQXI0,https://i.ytimg.com/vi/vt2tcaeQXI0/default.jpg,07-07-2020,26,26,FALSE,,7,7,2020,10:45:20
Ugy-yn2hfxzLiGHWwDB4AaABAg,vt2tcaeQXI0,,0,He didn't even give his time to discuss about Ramdev's Coronil.🤣🤣🤣🤣,He didn't even give his time to discuss about Ramdev's Coronil.,@simranjeetsingh8027,2020-07-10 16:32:16+00:00,2020-07-10T16:32:16Z,131,11,English,neutral,,Reality of COVID-19 Vaccine | Dhruv Rathee,https://www.youtube.com/watch?v=vt2tcaeQXI0,https://i.ytimg.com/vi/vt2tcaeQXI0/default.jpg,07-07-2020,11,11,FALSE,,10,7,2020,16:32:16
Ugw88D90Nc177oNPBd94AaABAg,vt2tcaeQXI0,,0,M a doctor.. I wish in our professional classes our teacher teches as smoothly n easy way as dhurv rathee explained. each n every things are scientifically and statistically correct.. I can understand how much he did study and hard work to explaining all things in such a systemic manner.. Well done.. 👍👍 Allah bless u n give a long life for spreading the knowledge in all over world in this way.. ☺️☺️,M a doctor. I wish in our professional classes our teacher teches as smoothly n easy way as dhurv rathee explained. each n every things are scientifically and statistically correct. I can understand how much he did study and hard work to explaining all things in such a systemic manner. Well done. Allah bless u n give a long life for spreading the knowledge in all over world in this way.,@dr.sameer1906,2020-07-07 11:50:27+00:00,2020-07-07T11:50:27Z,271,16,English,pro,,Reality of COVID-19 Vaccine | Dhruv Rathee,https://www.youtube.com/watch?v=vt2tcaeQXI0,https://i.ytimg.com/vi/vt2tcaeQXI0/default.jpg,07-07-2020,73,71,FALSE,,7,7,2020,11:50:27
UgwkixZXeRzlaTYQFBx4AaABAg,vt2tcaeQXI0,,0,Govt : Aug 15 ko Covaxin aana chahiye  Le Modi : Mera speech uss vaccine par nirbhar hain Aatma Nirbhar : Am I a joke to you !! 🤷🏻,Govt Aug 15 ko Covaxin aana chahiye Le Modi Mera speech uss vaccine par nirbhar hain Aatma Nirbhar Am I a joke to you !,@4real675,2020-07-07 12:31:23+00:00,2020-07-07T12:31:23Z,95,17,Code mixed,pro,,Reality of COVID-19 Vaccine | Dhruv Rathee,https://www.youtube.com/watch?v=vt2tcaeQXI0,https://i.ytimg.com/vi/vt2tcaeQXI0/default.jpg,07-07-2020,29,25,FALSE,,7,7,2020,12:31:23
UgyV3g5r1AUEPZ-lEOF4AaABAg,vt2tcaeQXI0,,0,How vaccine works Itna acha se school ke teacher bhi explain nhi kiye thai😂,How vaccine works Itna acha se school ke teacher bhi explain nhi kiye thai,@altamashiqbalraza,2020-07-07 10:14:49+00:00,2020-07-07T10:14:49Z,64,2,Code mixed,pro,,Reality of COVID-19 Vaccine | Dhruv Rathee,https://www.youtube.com/watch?v=vt2tcaeQXI0,https://i.ytimg.com/vi/vt2tcaeQXI0/default.jpg,07-07-2020,14,14,FALSE,,7,7,2020,10:14:49
UgyGjha5HOoKhr8AcN14AaABAg,vt2tcaeQXI0,,0,He taught more than my professor on vaccine.,He taught more than my professor on vaccine.,@ichiranjibisahoo,2020-07-07 15:11:56+00:00,2020-07-07T15:11:56Z,870,33,Code mixed,pro,,Reality of COVID-19 Vaccine | Dhruv Rathee,https://www.youtube.com/watch?v=vt2tcaeQXI0,https://i.ytimg.com/vi/vt2tcaeQXI0/default.jpg,07-07-2020,8,8,FALSE,,7,7,2020,15:11:56
UgyPVxre61n0cs_GMpV4AaABAg,vt2tcaeQXI0,,0,वैज्ञानिकों  का तो पता नहीं वह लोग क्या कर रहे हैं  🤔🤔 लेकिन मीडिया वाले एक रोजाना एक नई VACCINE बना देते है  🤓🤓,व ज ञ न क क त पत नह वह ल ग क य कर रह ह ल क न म ड य व ल एक र ज न एक नई VACCINE बन द त ह,@jatjayantchahar2076,2020-07-07 09:45:32+00:00,2020-07-07T09:45:32Z,386,19,Hindi,anti,,Reality of COVID-19 Vaccine | Dhruv Rathee,https://www.youtube.com/watch?v=vt2tcaeQXI0,https://i.ytimg.com/vi/vt2tcaeQXI0/default.jpg,07-07-2020,24,36,FALSE,,7,7,2020,09:45:32
UgwhOAyu-xAbjvsvP794AaABAg,vt2tcaeQXI0,,0,Welcome again after coronil😂😂😂,Welcome again after coronil,@shankughosh841,2021-02-21 12:41:37+00:00,2021-02-21T14:45:48Z,11,0,English,neutral,,Reality of COVID-19 Vaccine | Dhruv Rathee,https://www.youtube.com/watch?v=vt2tcaeQXI0,https://i.ytimg.com/vi/vt2tcaeQXI0/default.jpg,07-07-2020,4,4,FALSE,,21,2,2021,12:41:37
Ugw06K068E70fny9N0F4AaABAg,vt2tcaeQXI0,,0,We rank  3 in  coronavirus case and still my government want to take exams,We rank 3 in coronavirus case and still my government want to take exams,@yasmeendayani1847,2020-07-07 16:23:22+00:00,2020-07-07T16:24:02Z,574,33,English,neutral,,Reality of COVID-19 Vaccine | Dhruv Rathee,https://www.youtube.com/watch?v=vt2tcaeQXI0,https://i.ytimg.com/vi/vt2tcaeQXI0/default.jpg,07-07-2020,14,14,FALSE,,7,7,2020,16:23:22
UgwyUSBrQHQryIZuxeF4AaABAg,vt2tcaeQXI0,,0,Agar pressure badarahe hain toh politicians par hi test kardena Chahiye 😂😂,Agar pressure badarahe hain toh politicians par hi test kardena Chahiye,@theinnoverse,2020-07-08 05:29:01+00:00,2020-07-08T05:29:01Z,72,3,Code mixed,anti,,Reality of COVID-19 Vaccine | Dhruv Rathee,https://www.youtube.com/watch?v=vt2tcaeQXI0,https://i.ytimg.com/vi/vt2tcaeQXI0/default.jpg,07-07-2020,12,11,FALSE,,8,7,2020,05:29:01
Ugz7WyQbOp14VZyKI_Z4AaABAg,vt2tcaeQXI0,,0,"Not seen so much educated men like you Dhruv, you are doing a very great job and love your simplicity..","Not seen so much educated men like you Dhruv, you are doing a very great job and love your simplicity.",@natasharomanoff6319,2020-07-07 09:47:09+00:00,2020-07-07T09:47:09Z,363,36,English,pro,,Reality of COVID-19 Vaccine | Dhruv Rathee,https://www.youtube.com/watch?v=vt2tcaeQXI0,https://i.ytimg.com/vi/vt2tcaeQXI0/default.jpg,07-07-2020,20,20,FALSE,,7,7,2020,09:47:09
UgxVl-Ge7uoWKMn98ah4AaABAg,vt2tcaeQXI0,,0,1 prayer for ppl who thought vaccine will be released by Aug 15th 😂,1 prayer for ppl who thought vaccine will be released by Aug 15th,@LightningShiva1,2020-07-13 04:40:23+00:00,2020-07-13T04:40:23Z,64,0,English,pro,,Reality of COVID-19 Vaccine | Dhruv Rathee,https://www.youtube.com/watch?v=vt2tcaeQXI0,https://i.ytimg.com/vi/vt2tcaeQXI0/default.jpg,07-07-2020,14,13,FALSE,,13,7,2020,04:40:23
UgxvsJMSoJVIGiTWHJN4AaABAg,vt2tcaeQXI0,,0,"Thanks for educating the public. Remember: there are no shortcuts to success in medical field. The old dictum ""mangoes do not ripe in haste"".",Thanks for educating the public. Remember there are no shortcuts to success in medical field. The old dictum mangoes do not ripe in haste .,@sajjadrafiq2738,2020-07-07 15:35:08+00:00,2020-07-08T01:26:43Z,63,1,English,neutral,,Reality of COVID-19 Vaccine | Dhruv Rathee,https://www.youtube.com/watch?v=vt2tcaeQXI0,https://i.ytimg.com/vi/vt2tcaeQXI0/default.jpg,07-07-2020,24,25,FALSE,,7,7,2020,15:35:08
UgyTen8iFGJLIVOuF094AaABAg,vt2tcaeQXI0,,0,"This is what a good, complete information education video looks like.","This is what a good, complete information education video looks like.",@mnnsi,2020-07-07 10:18:09+00:00,2020-07-07T10:18:37Z,567,24,English,pro,,Reality of COVID-19 Vaccine | Dhruv Rathee,https://www.youtube.com/watch?v=vt2tcaeQXI0,https://i.ytimg.com/vi/vt2tcaeQXI0/default.jpg,07-07-2020,11,11,FALSE,,7,7,2020,10:18:09
UgwNyYnYpmeRtu6aCSV4AaABAg,vt2tcaeQXI0,,0,"""insanity is doing the same thing, over and over again, but expecting different results"" - I learnt this quote while studying debugging code, but it appears in Sudden Death by Rita Mae Brown. The rush to release vaccine sounds pretty much the same as the other event management stunts. Pity that the people chose such leaders, and all suffer, even those who didn't! It shows how democracy mutates to mobocracy, as long as people don't love and wish for the truth, but instead prioritize hyperbole and entertainment!","insanity is doing the same thing, over and over again, but expecting different results - I learnt this quote while studying debugging code, but it appears in Sudden Death by Rita Mae Brown. The rush to release vaccine sounds pretty much the same as the other event management stunts. Pity that the people chose such leaders, and all suffer, even those who didn't! It shows how democracy mutates to mobocracy, as long as people don't love and wish for the truth, but instead prioritize hyperbole and entertainment!",@samm9840,2020-07-10 09:41:28+00:00,2020-07-10T09:41:28Z,48,2,English,anti,,Reality of COVID-19 Vaccine | Dhruv Rathee,https://www.youtube.com/watch?v=vt2tcaeQXI0,https://i.ytimg.com/vi/vt2tcaeQXI0/default.jpg,07-07-2020,87,87,FALSE,,10,7,2020,09:41:28
Ugz354LmO6flXmqJSwF4AaABAg,vt2tcaeQXI0,,0,I really liked him when he said  PATANJALI ke bare me jitna kam discuss karu utna accha.,I really liked him when he said PATANJALI ke bare me jitna kam discuss karu utna accha.,@21anuragverma,2020-07-07 11:15:51+00:00,2020-07-07T11:15:51Z,69,0,Code mixed,neutral,,Reality of COVID-19 Vaccine | Dhruv Rathee,https://www.youtube.com/watch?v=vt2tcaeQXI0,https://i.ytimg.com/vi/vt2tcaeQXI0/default.jpg,07-07-2020,17,17,FALSE,,7,7,2020,11:15:51
UgyZDqqNHMn27n6Sgkp4AaABAg,vt2tcaeQXI0,,0,"""It's a vaccine, not a maggi""","It's a vaccine, not a maggi",@___FBI___,2020-07-09 06:37:06+00:00,2020-07-09T06:37:06Z,783,27,English,pro,,Reality of COVID-19 Vaccine | Dhruv Rathee,https://www.youtube.com/watch?v=vt2tcaeQXI0,https://i.ytimg.com/vi/vt2tcaeQXI0/default.jpg,07-07-2020,6,6,FALSE,,9,7,2020,06:37:06
Ugw2slcnC-mZKgEgiNZ4AaABAg,vt2tcaeQXI0,,0,If the vaccine was not developed in 2020 then 2021 is going worst ... just pray to god koi bhi country banade ... ...,If the vaccine was not developed in 2020 then 2021 is going worst . just pray to god koi bhi country banade . .,@evilharsh1234,2020-07-09 17:56:11+00:00,2020-07-11T09:52:46Z,105,12,Code mixed,pro,,Reality of COVID-19 Vaccine | Dhruv Rathee,https://www.youtube.com/watch?v=vt2tcaeQXI0,https://i.ytimg.com/vi/vt2tcaeQXI0/default.jpg,07-07-2020,24,24,FALSE,,9,7,2020,17:56:11
UgzJlHWq72Yd5xoCE0t4AaABAg,vt2tcaeQXI0,,0,Itna aacha humare biology ke teacher bhi nahi samjaya jitna aacha dhruv bhaiya ne samjaya 😉,Itna aacha humare biology ke teacher bhi nahi samjaya jitna aacha dhruv bhaiya ne samjaya,@ruchi1289,2020-07-07 10:48:55+00:00,2020-07-07T10:48:55Z,11,0,Code mixed,pro,,Reality of COVID-19 Vaccine | Dhruv Rathee,https://www.youtube.com/watch?v=vt2tcaeQXI0,https://i.ytimg.com/vi/vt2tcaeQXI0/default.jpg,07-07-2020,16,15,FALSE,,7,7,2020,10:48:55
UgwRWSNLKuTR-CMntYh4AaABAg,vt2tcaeQXI0,,0,"Like here if anyone has come here after pantajali coronil ""medicine"" not vaccine get approval from WHO😠😠😠😠😠😠",Like here if anyone has come here after pantajali coronil medicine not vaccine get approval from WHO,@meetthakkar5125,2021-02-20 08:38:11+00:00,2021-02-20T08:38:38Z,9,0,English,neutral,,Reality of COVID-19 Vaccine | Dhruv Rathee,https://www.youtube.com/watch?v=vt2tcaeQXI0,https://i.ytimg.com/vi/vt2tcaeQXI0/default.jpg,07-07-2020,17,17,FALSE,,20,2,2021,08:38:11
UgxhPf7HxBiTOogd4pV4AaABAg,vt2tcaeQXI0,,0,10 year ki bajaay 10 month me  aa gayi vaccine 😁😁😁😁 any word ?? 🤔🤔,10 year ki bajaay 10 month me aa gayi vaccine any word ?,@Kumardev1save,2021-01-22 08:50:43+00:00,2021-01-22T08:50:43Z,12,2,Hindi,neutral,,Reality of COVID-19 Vaccine | Dhruv Rathee,https://www.youtube.com/watch?v=vt2tcaeQXI0,https://i.ytimg.com/vi/vt2tcaeQXI0/default.jpg,07-07-2020,15,13,FALSE,,22,1,2021,08:50:43
UgzpxQwWchac2TJyn7R4AaABAg,vt2tcaeQXI0,,0,I was recently doing my own research trying to understand when the earliest covid-19 vaccine can be made. I grew tired of reading long articles  and started procrastinating.  Thank You for the video !!! It was just what I needed!,I was recently doing my own research trying to understand when the earliest covid-19 vaccine can be made. I grew tired of reading long articles and started procrastinating. Thank You for the video ! It was just what I needed!,@vishalshinde5252,2020-07-07 11:46:29+00:00,2020-07-07T11:46:29Z,29,0,English,pro,,Reality of COVID-19 Vaccine | Dhruv Rathee,https://www.youtube.com/watch?v=vt2tcaeQXI0,https://i.ytimg.com/vi/vt2tcaeQXI0/default.jpg,07-07-2020,40,40,FALSE,,7,7,2020,11:46:29
UgxZ9LGq0fXSY1JUU4J4AaABAg,vt2tcaeQXI0,,0,"What modi wants to say on 15th August 2020: ""Mitron, today we have not only got freedom from Coronavirus, but also from democracy.""","What modi wants to say on 15th August 2020 Mitron, today we have not only got freedom from Coronavirus, but also from democracy.",@TR-cm3ft,2020-07-07 10:24:47+00:00,2020-07-07T10:24:47Z,213,20,Code mixed,anti,,Reality of COVID-19 Vaccine | Dhruv Rathee,https://www.youtube.com/watch?v=vt2tcaeQXI0,https://i.ytimg.com/vi/vt2tcaeQXI0/default.jpg,07-07-2020,23,23,FALSE,,7,7,2020,10:24:47
Ugx-6nU94Sg9uI1dbRx4AaABAg,vt2tcaeQXI0,,0,I am watching this video while there are 4.5 million cases of covid-19 in india,I am watching this video while there are 4.5 million cases of covid-19 in india,@crazyvizzgaming6881,2020-09-11 08:01:33+00:00,2020-09-11T08:01:33Z,7,5,Code mixed,neutral,,Reality of COVID-19 Vaccine | Dhruv Rathee,https://www.youtube.com/watch?v=vt2tcaeQXI0,https://i.ytimg.com/vi/vt2tcaeQXI0/default.jpg,07-07-2020,15,15,FALSE,,11,9,2020,08:01:33
UgzqNZuVA2TBFlQpnRR4AaABAg,vt2tcaeQXI0,,0,May God Protect every single soul from the pandemic!  Peace all 🍁,May God Protect every single soul from the pandemic! Peace all,@SignatureMash,2020-07-07 09:52:25+00:00,2020-07-07T09:52:25Z,39,1,English,neutral,,Reality of COVID-19 Vaccine | Dhruv Rathee,https://www.youtube.com/watch?v=vt2tcaeQXI0,https://i.ytimg.com/vi/vt2tcaeQXI0/default.jpg,07-07-2020,12,11,FALSE,,7,7,2020,09:52:25
UgxCiPowhhts6gqOCSx4AaABAg,vt2tcaeQXI0,,0,Haag Diya na..😂😂😂😂,Haag Diya na.,@73prajwaljadhav72,2021-02-21 08:01:34+00:00,2021-02-21T08:01:34Z,9,0,Code mixed,pro,,Reality of COVID-19 Vaccine | Dhruv Rathee,https://www.youtube.com/watch?v=vt2tcaeQXI0,https://i.ytimg.com/vi/vt2tcaeQXI0/default.jpg,07-07-2020,3,3,FALSE,,21,2,2021,08:01:34
UgwjDWeELvmB0NuMzdN4AaABAg,vt2tcaeQXI0,,0,"Being a doctor i would say this is one  of your best videos dhruv and i have seen almost all of them,the way you explained everything with a simplistic approach is good to relate to. And yeah i like the satirical approach to how our government runs the propaganda. Kudos man keep doing what you do","Being a doctor i would say this is one of your best videos dhruv and i have seen almost all of them,the way you explained everything with a simplistic approach is good to relate to. And yeah i like the satirical approach to how our government runs the propaganda. Kudos man keep doing what you do",@doctorwho01,2020-07-07 12:28:34+00:00,2020-07-07T12:28:34Z,34,1,English,pro,,Reality of COVID-19 Vaccine | Dhruv Rathee,https://www.youtube.com/watch?v=vt2tcaeQXI0,https://i.ytimg.com/vi/vt2tcaeQXI0/default.jpg,07-07-2020,56,56,FALSE,,7,7,2020,12:28:34
Ugw1pcD6zlc_NSLA9hV4AaABAg,vt2tcaeQXI0,,0,*Modi* :  तूने कॉरोना वायरस की वैक्सीन केसे बनाई *Ramdev* :  जैसे तुमने चीन से बदला लिया ☺️😊😁😄😃😀😅😂🤣🤣🤣🤣,Modi त न क र न व यरस क व क स न क स बन ई Ramdev ज स त मन च न स बदल ल य,@dearzindagi5578,2020-07-07 17:01:43+00:00,2020-07-07T17:01:43Z,423,42,Hindi,anti,,Reality of COVID-19 Vaccine | Dhruv Rathee,https://www.youtube.com/watch?v=vt2tcaeQXI0,https://i.ytimg.com/vi/vt2tcaeQXI0/default.jpg,07-07-2020,18,28,FALSE,,7,7,2020,17:01:43
UgwBLavPxS6NU9UFNJN4AaABAg,vt2tcaeQXI0,,0,And some uncle &  aunties ..are playing songs  and  dancing cause it's says in WhatsApp Universities that India will declare vaccine in 15 August 🤣🤣🤣🤣,And some uncle aunties .are playing songs and dancing cause it's says in WhatsApp Universities that India will declare vaccine in 15 August,@nuttyqt,2020-07-07 12:56:17+00:00,2020-07-07T12:56:32Z,193,13,English,neutral,,Reality of COVID-19 Vaccine | Dhruv Rathee,https://www.youtube.com/watch?v=vt2tcaeQXI0,https://i.ytimg.com/vi/vt2tcaeQXI0/default.jpg,07-07-2020,25,23,FALSE,,7,7,2020,12:56:17
Ugwtf2xV07vqM8M8XJ54AaABAg,vt2tcaeQXI0,,0,I am a doctor myself and he explained the working of vaccines in such a simple concept  I am going to use this pre board exams analogy as well Cheers man,I am a doctor myself and he explained the working of vaccines in such a simple concept I am going to use this pre board exams analogy as well Cheers man,@razor1n289,2020-07-07 12:15:38+00:00,2020-07-07T12:15:38Z,116,15,English,pro,,Reality of COVID-19 Vaccine | Dhruv Rathee,https://www.youtube.com/watch?v=vt2tcaeQXI0,https://i.ytimg.com/vi/vt2tcaeQXI0/default.jpg,07-07-2020,31,31,FALSE,,7,7,2020,12:15:38
UgxO71Vb1PNl0mOodxB4AaABAg,aUZt-bY_0fo,,0,वाह भाई वाह ध्रुव राठी आपने तो अपना फर्ज 3 साल पहले भी निभाया था लेकीन हमारे देश की जनता ही नहीं समझ पाई | ♥️ से सलाम है भाई आपको 🙏🙏,व ह भ ई व ह ध र व र ठ आपन त अपन फर ज 3 स ल पहल भ न भ य थ ल क न हम र द श क जनत ह नह समझ प ई स सल म ह भ ई आपक,@SachKiAawazLive,2024-05-05 01:19:13+00:00,2024-05-05T01:19:13Z,1061,4,Hindi,neutral,,Are Coronavirus Vaccines Safe? | Blood Clotting Side Effects | Dhruv Rathee,https://www.youtube.com/watch?v=aUZt-bY_0fo,https://i.ytimg.com/vi/aUZt-bY_0fo/default.jpg,12-04-2021,32,46,FALSE,,5,5,2024,01:19:13
UgwB-sA592PbSwXeXlN4AaABAg,aUZt-bY_0fo,,0,Its proved in 2024 😢😢 thats why education is important   Thanks to Dhruv bhai ❤❤,Its proved in 2024 thats why education is important Thanks to Dhruv bhai,@SMG24x7,2024-04-30 07:08:32+00:00,2024-04-30T07:08:32Z,840,4,English,neutral,,Are Coronavirus Vaccines Safe? | Blood Clotting Side Effects | Dhruv Rathee,https://www.youtube.com/watch?v=aUZt-bY_0fo,https://i.ytimg.com/vi/aUZt-bY_0fo/default.jpg,12-04-2021,15,13,FALSE,,30,4,2024,07:08:32
UgyiiMjarGB_8Jgj5jJ4AaABAg,aUZt-bY_0fo,,0,"ये हैं धुव्र राठी ,जिसे आज धर्म के ठेकेदार ट्रोल कर रहे हैं। जिसने 3 साल पहले ही इतनी बड़ी जानकारी दे दी थी,जो आज हो रही हैं। 👍👍👍👍","य ह ध व र र ठ ,ज स आज धर म क ठ क द र ट र ल कर रह ह ज सन 3 स ल पहल ह इतन बड ज नक र द द थ ,ज आज ह रह ह",@priyanskatariya9541,2024-05-06 13:32:35+00:00,2024-05-06T13:32:35Z,552,4,Hindi,anti,,Are Coronavirus Vaccines Safe? | Blood Clotting Side Effects | Dhruv Rathee,https://www.youtube.com/watch?v=aUZt-bY_0fo,https://i.ytimg.com/vi/aUZt-bY_0fo/default.jpg,12-04-2021,29,43,FALSE,,6,5,2024,13:32:35
Ugzx2tqSJV7RZMbsx914AaABAg,aUZt-bY_0fo,,0,"ध्रुव राठी - ३साल पहले समझाया था, आज परिणाम देख रहे हैं अभी भी समझा रहे है.........। समझ जाओ वोट भारत के लिए ❤❤❤❤","ध र व र ठ - ३स ल पहल समझ य थ , आज पर ण म द ख रह ह अभ भ समझ रह ह . समझ ज ओ व ट भ रत क ल ए",@Kusum-vashudeve,2024-05-05 09:57:15+00:00,2024-05-05T09:57:15Z,505,2,Hindi,anti,,Are Coronavirus Vaccines Safe? | Blood Clotting Side Effects | Dhruv Rathee,https://www.youtube.com/watch?v=aUZt-bY_0fo,https://i.ytimg.com/vi/aUZt-bY_0fo/default.jpg,12-04-2021,24,37,FALSE,,5,5,2024,09:57:15
UgwIPKaC1EUuptedbnB4AaABAg,aUZt-bY_0fo,,0,भाई ने 3 साल पहले ही सच्चाई बता दी थी😂,भ ई न 3 स ल पहल ह सच च ई बत द थ,@MamtaregarRegar-rb5wu,2024-04-30 11:05:50+00:00,2024-04-30T11:05:50Z,6264,59,Hindi,anti,,Are Coronavirus Vaccines Safe? | Blood Clotting Side Effects | Dhruv Rathee,https://www.youtube.com/watch?v=aUZt-bY_0fo,https://i.ytimg.com/vi/aUZt-bY_0fo/default.jpg,12-04-2021,10,14,FALSE,,30,4,2024,11:05:50
Ugwdx7EnfRAVg6jq6UR4AaABAg,aUZt-bY_0fo,,0,Aaj prove ho gaya hai ...inki video full of truth hoti hai ... Jab ye video upload kiye the toh sayab hi koi log ise seriously liye honge ab sab ko pata chal gaya hoga ....,Aaj prove ho gaya hai .inki video full of truth hoti hai . Jab ye video upload kiye the toh sayab hi koi log ise seriously liye honge ab sab ko pata chal gaya hoga .,@KingOfStatu_s,2024-05-07 01:53:50+00:00,2024-05-07T01:53:50Z,86,0,Code mixed,pro,,Are Coronavirus Vaccines Safe? | Blood Clotting Side Effects | Dhruv Rathee,https://www.youtube.com/watch?v=aUZt-bY_0fo,https://i.ytimg.com/vi/aUZt-bY_0fo/default.jpg,12-04-2021,36,36,FALSE,,7,5,2024,01:53:50
Ugw8jdw4h0shotYw1Jp4AaABAg,aUZt-bY_0fo,,0,"Mai dhruv ko 5 saal se follow kar rha hun ar Aaj Tak bande ki videos se knowledge hi gain Kiya hai, ar haa isi video ke baad maine vaccine na lagwane ka faisla kiya tha. And I am happy for my decision.","Mai dhruv ko 5 saal se follow kar rha hun ar Aaj Tak bande ki videos se knowledge hi gain Kiya hai, ar haa isi video ke baad maine vaccine na lagwane ka faisla kiya tha. And I am happy for my decision.",@A.R.sheikho,2024-05-06 14:25:30+00:00,2024-05-06T14:25:30Z,35,0,Code mixed,anti,,Are Coronavirus Vaccines Safe? | Blood Clotting Side Effects | Dhruv Rathee,https://www.youtube.com/watch?v=aUZt-bY_0fo,https://i.ytimg.com/vi/aUZt-bY_0fo/default.jpg,12-04-2021,43,43,FALSE,,6,5,2024,14:25:30
UgyQy_qq0LCf1tM2bIR4AaABAg,aUZt-bY_0fo,,0,"Power of Education, jb sab log ankh bandh kr k bharosa kr rhe the tab Dhruv Rathi ne sara research data study kia or result share kiya and aaj sab sach hua. Yhi koi or hota to bolta dekho Hmari bhavisyawani sach hui😂😂","Power of Education, jb sab log ankh bandh kr k bharosa kr rhe the tab Dhruv Rathi ne sara research data study kia or result share kiya and aaj sab sach hua. Yhi koi or hota to bolta dekho Hmari bhavisyawani sach hui",@struggletosuccess920,2024-05-06 00:59:26+00:00,2024-05-06T00:59:26Z,253,3,Code mixed,anti,,Are Coronavirus Vaccines Safe? | Blood Clotting Side Effects | Dhruv Rathee,https://www.youtube.com/watch?v=aUZt-bY_0fo,https://i.ytimg.com/vi/aUZt-bY_0fo/default.jpg,12-04-2021,43,43,FALSE,,6,5,2024,00:59:26
UgwOjEPguVfxdRh8GlJ4AaABAg,aUZt-bY_0fo,,0,Bro guessed 3 years ago😂,Bro guessed 3 years ago,@kedarchavan8,2024-04-30 14:07:18+00:00,2024-04-30T14:07:18Z,469,4,English,neutral,,Are Coronavirus Vaccines Safe? | Blood Clotting Side Effects | Dhruv Rathee,https://www.youtube.com/watch?v=aUZt-bY_0fo,https://i.ytimg.com/vi/aUZt-bY_0fo/default.jpg,12-04-2021,5,5,FALSE,,30,4,2024,14:07:18
Ugxw9AMF9MtqKHzWxVt4AaABAg,aUZt-bY_0fo,,0,Kaas ye video vaccine lene se phle dekh leta 😢,Kaas ye video vaccine lene se phle dekh leta,@Amit_verma.,2024-04-30 08:28:15+00:00,2024-04-30T08:28:15Z,1043,22,Code mixed,anti,,Are Coronavirus Vaccines Safe? | Blood Clotting Side Effects | Dhruv Rathee,https://www.youtube.com/watch?v=aUZt-bY_0fo,https://i.ytimg.com/vi/aUZt-bY_0fo/default.jpg,12-04-2021,10,9,FALSE,,30,4,2024,08:28:15
UgxjPpw8NRaCN8jfwoF4AaABAg,aUZt-bY_0fo,,0,Bhai mene to without enject kiye hi certificate banwa liye the💀,Bhai mene to without enject kiye hi certificate banwa liye the,@guffygaming4451,2024-05-08 11:06:28+00:00,2024-05-08T11:06:28Z,13,0,Code mixed,anti,,Are Coronavirus Vaccines Safe? | Blood Clotting Side Effects | Dhruv Rathee,https://www.youtube.com/watch?v=aUZt-bY_0fo,https://i.ytimg.com/vi/aUZt-bY_0fo/default.jpg,12-04-2021,11,11,FALSE,,8,5,2024,11:06:28
UgxHloxpbdpDUzLc3eZ4AaABAg,aUZt-bY_0fo,,0,Bhaai abhi covisheld ki news dekh kar hi aaya hu  Iska matlab tumne pahle hi predict kar diya tha 😮  Hats off to you,Bhaai abhi covisheld ki news dekh kar hi aaya hu Iska matlab tumne pahle hi predict kar diya tha Hats off to you,@PremPrakashsoni-uh6nm,2024-04-30 05:57:46+00:00,2024-04-30T05:57:46Z,201,2,Code mixed,anti,,Are Coronavirus Vaccines Safe? | Blood Clotting Side Effects | Dhruv Rathee,https://www.youtube.com/watch?v=aUZt-bY_0fo,https://i.ytimg.com/vi/aUZt-bY_0fo/default.jpg,12-04-2021,24,23,FALSE,,30,4,2024,05:57:46
UgwjgkuGupaUK_pUpbt4AaABAg,aUZt-bY_0fo,,0,जिसकी 3 साल पहले कही हुई बाते आज सच साबित हो रही हो तो सोचो दोस्तों वो आज जो बाते कर रहा है वो भविष्य में भी सच साबित हो सकती हैं।  वोट सोच समझ कर दीजिये❤,ज सक 3 स ल पहल कह ह ई ब त आज सच स ब त ह रह ह त स च द स त व आज ज ब त कर रह ह व भव ष य म भ सच स ब त ह सकत ह व ट स च समझ कर द ज य,@MyYTC104,2024-05-04 11:19:01+00:00,2024-05-04T11:19:01Z,89,2,Hindi,anti,,Are Coronavirus Vaccines Safe? | Blood Clotting Side Effects | Dhruv Rathee,https://www.youtube.com/watch?v=aUZt-bY_0fo,https://i.ytimg.com/vi/aUZt-bY_0fo/default.jpg,12-04-2021,37,55,FALSE,,4,5,2024,11:19:01
Ugy41rE0C4sL6wkVtRd4AaABAg,aUZt-bY_0fo,,0,वैक्सीन लगवाने के बाद से लेकर आज तक मुझे बहुत थकान होने लगी है। नही तो मैं 5 से 10 km यू ही दौड़ जाता था। अब तो ठीक से 5 km नही दौड़ पाता हूं। बहुत थकान महसूस होता है। 😞😞,व क स न लगव न क ब द स ल कर आज तक म झ बह त थक न ह न लग ह नह त म 5 स 10 km य ह द ड ज त थ अब त ठ क स 5 km नह द ड प त ह बह त थक न महस स ह त ह,@Fauji.2,2024-05-06 08:27:05+00:00,2024-05-06T08:27:05Z,100,6,Hindi,anti,,Are Coronavirus Vaccines Safe? | Blood Clotting Side Effects | Dhruv Rathee,https://www.youtube.com/watch?v=aUZt-bY_0fo,https://i.ytimg.com/vi/aUZt-bY_0fo/default.jpg,12-04-2021,42,60,FALSE,,6,5,2024,08:27:05
UgwVa2gebJJYZX4eNa14AaABAg,aUZt-bY_0fo,,0,Andhbhakto ab thanks bolo papa ko😂😂😂 covishield de diya papa. Heart rukwa di papa😂😂,Andhbhakto ab thanks bolo papa ko covishield de diya papa. Heart rukwa di papa,@Guudfriend,2024-05-01 06:21:18+00:00,2024-05-01T06:21:18Z,78,5,Code mixed,pro,,Are Coronavirus Vaccines Safe? | Blood Clotting Side Effects | Dhruv Rathee,https://www.youtube.com/watch?v=aUZt-bY_0fo,https://i.ytimg.com/vi/aUZt-bY_0fo/default.jpg,12-04-2021,14,14,FALSE,,1,5,2024,06:21:18
Ugx2oz87O-67K3N77ah4AaABAg,jMM1tB3_dnw,,0,"Vaccine hesitancy, hindi belt North indian states. So that, Covid-19 vaccines should be send to the South India.! 🙏","Vaccine hesitancy, hindi belt North indian states. So that, Covid-19 vaccines should be send to the South India!",@appavi3959,2021-06-04 08:13:38+00:00,2021-06-04T08:13:38Z,1,0,English,pro,,India Battles Covid Vaccine Hesitancy In Addition To Pandemic,https://www.youtube.com/watch?v=jMM1tB3_dnw,https://i.ytimg.com/vi/jMM1tB3_dnw/default.jpg,03-06-2021,19,18,FALSE,,4,6,2021,08:13:38
UgyxMhFvmLgrucsVy9h4AaABAg,jMM1tB3_dnw,,0,This is the complication that India deals with. Lack of education and misinformation in millions is causing problems which other countries don't deal with. Every Indian needs to be vaccinated for his safety and for safety of others. Commendable effort by front line healthcare workers. Do more positive media campaigns.,This is the complication that India deals with. Lack of education and misinformation in millions is causing problems which other countries don't deal with. Every Indian needs to be vaccinated for his safety and for safety of others. Commendable effort by front line healthcare workers. Do more positive media campaigns.,@sunr8097,2021-06-04 02:43:02+00:00,2021-06-04T02:43:02Z,1,1,English,pro,,India Battles Covid Vaccine Hesitancy In Addition To Pandemic,https://www.youtube.com/watch?v=jMM1tB3_dnw,https://i.ytimg.com/vi/jMM1tB3_dnw/default.jpg,03-06-2021,50,50,FALSE,,4,6,2021,02:43:02
Ugz6s7jSkZ4yeiQJuvd4AaABAg,jMM1tB3_dnw,,0,One person who has created vaccine hesitancy and is still creating vaccine hesitancy is Ramdev. What action the government is going to take against him ? Or is he above the law as he blatantly claims ?,One person who has created vaccine hesitancy and is still creating vaccine hesitancy is Ramdev. What action the government is going to take against him ? Or is he above the law as he blatantly claims ?,@educationjsa6694,2021-06-03 11:31:35+00:00,2021-06-03T11:31:35Z,2,0,English,pro,,India Battles Covid Vaccine Hesitancy In Addition To Pandemic,https://www.youtube.com/watch?v=jMM1tB3_dnw,https://i.ytimg.com/vi/jMM1tB3_dnw/default.jpg,03-06-2021,37,37,FALSE,,3,6,2021,11:31:35
UgyYS-apOIT-2m4L9Jh4AaABAg,qcfhyC8JJVU,,0,"In Urban: Oh no, Slot is full. In Rural: Hey, wanna get vaccinated?","In Urban Oh no, Slot is full. In Rural Hey, wanna get vaccinated?",@animequake9466,2021-06-21 18:16:41+00:00,2021-06-21T18:16:41Z,156,16,English,pro,,Fear fuels Covid-19 vaccine hesitancy in rural India,https://www.youtube.com/watch?v=qcfhyC8JJVU,https://i.ytimg.com/vi/qcfhyC8JJVU/default.jpg,21-06-2021,13,13,FALSE,,21,6,2021,18:16:41
UgyVddDLXPA-4yeXuLl4AaABAg,qcfhyC8JJVU,,0,"If they don't wanna take then just leave them for now ,  transfer all the supplies to cities where the vaccine is running out of stock. Do cities first.","If they don't wanna take then just leave them for now , transfer all the supplies to cities where the vaccine is running out of stock. Do cities first.",@noice131,2021-06-21 18:23:35+00:00,2021-06-21T18:23:35Z,102,5,English,pro,,Fear fuels Covid-19 vaccine hesitancy in rural India,https://www.youtube.com/watch?v=qcfhyC8JJVU,https://i.ytimg.com/vi/qcfhyC8JJVU/default.jpg,21-06-2021,29,29,FALSE,,21,6,2021,18:23:35
UgzYGXavxX28l47rxZd4AaABAg,qcfhyC8JJVU,,0,"Also , yesterday India vaccinated most people in a single day 8.5 million","Also , yesterday India vaccinated most people in a single day 8.5 million",@darthashpie,2021-06-22 06:53:59+00:00,2021-06-22T06:53:59Z,26,2,English,pro,,Fear fuels Covid-19 vaccine hesitancy in rural India,https://www.youtube.com/watch?v=qcfhyC8JJVU,https://i.ytimg.com/vi/qcfhyC8JJVU/default.jpg,21-06-2021,13,13,FALSE,,22,6,2021,06:53:59
Ugx386V9G8K8S2kDQsl4AaABAg,qcfhyC8JJVU,,0,Today india administrated 82 lakhs vaccines in single day don't worry people are going for vaccines,Today india administrated 82 lakhs vaccines in single day don't worry people are going for vaccines,@imrankhankingofdonkeysalla848,2021-06-21 18:29:11+00:00,2021-06-21T18:29:11Z,78,16,English,pro,,Fear fuels Covid-19 vaccine hesitancy in rural India,https://www.youtube.com/watch?v=qcfhyC8JJVU,https://i.ytimg.com/vi/qcfhyC8JJVU/default.jpg,21-06-2021,16,16,FALSE,,21,6,2021,18:29:11
UgyQL2Uc2v4b54W1_3F4AaABAg,qcfhyC8JJVU,,0,Just watching a nasopharyngeal swab makes me physically back up.,Just watching a nasopharyngeal swab makes me physically back up.,@ryansmith4494,2021-06-21 19:45:44+00:00,2021-06-21T19:45:44Z,15,6,English,neutral,,Fear fuels Covid-19 vaccine hesitancy in rural India,https://www.youtube.com/watch?v=qcfhyC8JJVU,https://i.ytimg.com/vi/qcfhyC8JJVU/default.jpg,21-06-2021,10,10,FALSE,,21,6,2021,19:45:44
Ugy933G6vHobZIvwb1J4AaABAg,qcfhyC8JJVU,,0,They should focus on patients who actually need the vaccine,They should focus on patients who actually need the vaccine,@williamppl3624,2021-06-21 21:06:23+00:00,2021-06-21T21:06:23Z,69,6,English,anti,,Fear fuels Covid-19 vaccine hesitancy in rural India,https://www.youtube.com/watch?v=qcfhyC8JJVU,https://i.ytimg.com/vi/qcfhyC8JJVU/default.jpg,21-06-2021,10,10,FALSE,,21,6,2021,21:06:23
UgxggoLhThiJc5eqCo54AaABAg,qcfhyC8JJVU,,0,As of today india administered 86.16 lakh vaccines in 24 hours. Wow 86.16 lakh - 8.616 million,As of today india administered 86.16 lakh vaccines in 24 hours. Wow 86.16 lakh - 8.616 million,@satyamthakur6746,2021-06-22 10:54:42+00:00,2021-06-22T10:55:20Z,3,0,English,pro,,Fear fuels Covid-19 vaccine hesitancy in rural India,https://www.youtube.com/watch?v=qcfhyC8JJVU,https://i.ytimg.com/vi/qcfhyC8JJVU/default.jpg,21-06-2021,17,17,FALSE,,22,6,2021,10:54:42
UgxccDmknnBjW2uKGKB4AaABAg,qcfhyC8JJVU,,0,Importance of education & civilisation.,Importance of education civilisation.,@RoyMcCoy121,2021-06-21 20:18:58+00:00,2021-06-21T20:18:58Z,2,0,English,pro,,Fear fuels Covid-19 vaccine hesitancy in rural India,https://www.youtube.com/watch?v=qcfhyC8JJVU,https://i.ytimg.com/vi/qcfhyC8JJVU/default.jpg,21-06-2021,5,4,FALSE,,21,6,2021,20:18:58
UgyCgMd94pRyQmCxRjh4AaABAg,qcfhyC8JJVU,,0,I was scared too but something is gonna get ya so....,I was scared too but something is gonna get ya so.,@simondread,2021-06-21 17:59:08+00:00,2021-06-21T17:59:08Z,2,0,English,pro,,Fear fuels Covid-19 vaccine hesitancy in rural India,https://www.youtube.com/watch?v=qcfhyC8JJVU,https://i.ytimg.com/vi/qcfhyC8JJVU/default.jpg,21-06-2021,11,11,FALSE,,21,6,2021,17:59:08
UgwiLexthfSMCo_zXpN4AaABAg,qcfhyC8JJVU,,0,Very sad,Very sad,@beegneeghadawwg,2021-06-22 00:26:57+00:00,2021-06-22T00:26:57Z,0,0,English,neutral,,Fear fuels Covid-19 vaccine hesitancy in rural India,https://www.youtube.com/watch?v=qcfhyC8JJVU,https://i.ytimg.com/vi/qcfhyC8JJVU/default.jpg,21-06-2021,2,2,TRUE,,22,6,2021,00:26:57
UgzHT9jVhy0EA9RhQR54AaABAg,qcfhyC8JJVU,,0,On 21st June  recordbreak 8 million doses are given in india,On 21st June recordbreak 8 million doses are given in india,@umeshpatil9177,2021-06-22 13:25:18+00:00,2021-06-22T13:25:18Z,1,0,English,pro,,Fear fuels Covid-19 vaccine hesitancy in rural India,https://www.youtube.com/watch?v=qcfhyC8JJVU,https://i.ytimg.com/vi/qcfhyC8JJVU/default.jpg,21-06-2021,11,11,FALSE,,22,6,2021,13:25:18
UgzwEmw5LgAlwS1WtwR4AaABAg,qcfhyC8JJVU,,0,Oh again the same news. I thought they are going to cover how india vaccinated almost 9 million people in single day,Oh again the same news. I thought they are going to cover how india vaccinated almost 9 million people in single day,@someshpachouri615,2021-06-23 03:05:32+00:00,2021-06-23T03:05:32Z,8,0,English,pro,,Fear fuels Covid-19 vaccine hesitancy in rural India,https://www.youtube.com/watch?v=qcfhyC8JJVU,https://i.ytimg.com/vi/qcfhyC8JJVU/default.jpg,21-06-2021,22,22,FALSE,,23,6,2021,03:05:32
Ugy_g_zVrzqTFuoysRt4AaABAg,qcfhyC8JJVU,,0,8.4 million people vaccinated in single day in India on 21 jun.,8.4 million people vaccinated in single day in India on 21 jun.,@paliwal125,2021-06-23 01:58:24+00:00,2021-06-23T01:58:24Z,1,0,English,pro,,Fear fuels Covid-19 vaccine hesitancy in rural India,https://www.youtube.com/watch?v=qcfhyC8JJVU,https://i.ytimg.com/vi/qcfhyC8JJVU/default.jpg,21-06-2021,12,12,FALSE,,23,6,2021,01:58:24
UgxoP4ulj3cgVSdXrOB4AaABAg,qcfhyC8JJVU,,0,"In india,we need a vaccine of mind.","In india,we need a vaccine of mind.",@amandeepsinghvirk8661,2021-06-22 00:47:03+00:00,2021-06-22T00:47:03Z,1,0,English,pro,,Fear fuels Covid-19 vaccine hesitancy in rural India,https://www.youtube.com/watch?v=qcfhyC8JJVU,https://i.ytimg.com/vi/qcfhyC8JJVU/default.jpg,21-06-2021,7,7,FALSE,,22,6,2021,00:47:03
Ugxxikgfj6hIGUOCFZZ4AaABAg,qcfhyC8JJVU,,0,In bangladesh also so many mis information,In bangladesh also so many mis information,@amarakash4212,2021-06-22 06:54:50+00:00,2021-06-22T06:54:50Z,0,0,English,neutral,,Fear fuels Covid-19 vaccine hesitancy in rural India,https://www.youtube.com/watch?v=qcfhyC8JJVU,https://i.ytimg.com/vi/qcfhyC8JJVU/default.jpg,21-06-2021,7,7,FALSE,,22,6,2021,06:54:50
UgwJlf6OHAvWLnfUufR4AaABAg,qcfhyC8JJVU,,0,Just have to let nature take its course 😔,Just have to let nature take its course,@Jyoo609,2021-06-21 18:55:20+00:00,2021-06-21T18:55:20Z,18,5,English,neutral,,Fear fuels Covid-19 vaccine hesitancy in rural India,https://www.youtube.com/watch?v=qcfhyC8JJVU,https://i.ytimg.com/vi/qcfhyC8JJVU/default.jpg,21-06-2021,9,8,FALSE,,21,6,2021,18:55:20
UgzxMtK2e_eKkOvOCfJ4AaABAg,qcfhyC8JJVU,,0,I got my second dose yesterday,I got my second dose yesterday,@infineshlolol82737,2021-06-25 16:17:26+00:00,2021-06-25T16:17:26Z,0,0,English,pro,,Fear fuels Covid-19 vaccine hesitancy in rural India,https://www.youtube.com/watch?v=qcfhyC8JJVU,https://i.ytimg.com/vi/qcfhyC8JJVU/default.jpg,21-06-2021,6,6,FALSE,,25,6,2021,16:17:26
UgyJ4xN1J1Nk96A4utl4AaABAg,qcfhyC8JJVU,,0,I made through a vaccine certificate maker. 😅,I made through a vaccine certificate maker.,@ahilyagodse,2021-09-08 17:18:52+00:00,2021-09-08T17:18:52Z,0,0,English,anti,,Fear fuels Covid-19 vaccine hesitancy in rural India,https://www.youtube.com/watch?v=qcfhyC8JJVU,https://i.ytimg.com/vi/qcfhyC8JJVU/default.jpg,21-06-2021,8,7,FALSE,,8,9,2021,17:18:52
UgwDKVuzWuV94O2zzjp4AaABAg,qcfhyC8JJVU,,0,"Remember, these fearmongers are the people who pride themselves on following ""The Science"".","Remember, these fearmongers are the people who pride themselves on following The Science .",@JK_JK_JK,2022-03-05 06:01:36+00:00,2022-03-05T06:01:36Z,0,0,English,anti,,Fear fuels Covid-19 vaccine hesitancy in rural India,https://www.youtube.com/watch?v=qcfhyC8JJVU,https://i.ytimg.com/vi/qcfhyC8JJVU/default.jpg,21-06-2021,13,14,FALSE,,5,3,2022,06:01:36
UgzQ6WdHq9BG6YkOvOJ4AaABAg,qcfhyC8JJVU,,0,"Dont worry, as the waves are proceeding, it are more impacting our rural parts so they will get their lesson and will eventually get vaccinated.  Urban india has a vaccine shortage as compared to rurals hesitancy. So we will manage it out. No worries","Dont worry, as the waves are proceeding, it are more impacting our rural parts so they will get their lesson and will eventually get vaccinated. Urban india has a vaccine shortage as compared to rurals hesitancy. So we will manage it out. No worries",@tejasshah99,2021-06-21 18:01:48+00:00,2021-06-21T18:01:48Z,14,3,English,pro,,Fear fuels Covid-19 vaccine hesitancy in rural India,https://www.youtube.com/watch?v=qcfhyC8JJVU,https://i.ytimg.com/vi/qcfhyC8JJVU/default.jpg,21-06-2021,44,44,FALSE,,21,6,2021,18:01:48
UgyBC8pibkdYxaEsEyB4AaABAg,qcfhyC8JJVU,,0,Glad to see people standing up for their freedom ❤️,Glad to see people standing up for their freedom,@thejohnny0018,2021-06-22 02:16:04+00:00,2021-06-22T02:16:04Z,9,4,English,anti,,Fear fuels Covid-19 vaccine hesitancy in rural India,https://www.youtube.com/watch?v=qcfhyC8JJVU,https://i.ytimg.com/vi/qcfhyC8JJVU/default.jpg,21-06-2021,10,9,FALSE,,22,6,2021,02:16:04
UgxISQ2zwAAkw64Rsf94AaABAg,qcfhyC8JJVU,,0,Not anyone is fan of injection in rural area,Not anyone is fan of injection in rural area,@utathyasarkar1014,2021-06-23 11:46:34+00:00,2021-06-23T11:46:34Z,0,0,English,anti,,Fear fuels Covid-19 vaccine hesitancy in rural India,https://www.youtube.com/watch?v=qcfhyC8JJVU,https://i.ytimg.com/vi/qcfhyC8JJVU/default.jpg,21-06-2021,9,9,FALSE,,23,6,2021,11:46:34
UgxuZoyiPIz2l1pw_0h4AaABAg,qcfhyC8JJVU,,0,No one has right to force to do anything..if they don't want to be vaccinated then just leave it....,No one has right to force to do anything.if they don't want to be vaccinated then just leave it.,@obitogaming2880,2021-06-22 02:56:32+00:00,2021-06-22T02:56:32Z,13,5,English,anti,,Fear fuels Covid-19 vaccine hesitancy in rural India,https://www.youtube.com/watch?v=qcfhyC8JJVU,https://i.ytimg.com/vi/qcfhyC8JJVU/default.jpg,21-06-2021,19,19,FALSE,,22,6,2021,02:56:32
UgwDbZiIfrJYxSyQU3h4AaABAg,qcfhyC8JJVU,,0,No wonder they are not doing well no masks in sight,No wonder they are not doing well no masks in sight,@flamemarvel,2021-06-21 20:39:41+00:00,2021-06-21T20:39:41Z,0,0,English,anti,,Fear fuels Covid-19 vaccine hesitancy in rural India,https://www.youtube.com/watch?v=qcfhyC8JJVU,https://i.ytimg.com/vi/qcfhyC8JJVU/default.jpg,21-06-2021,11,11,FALSE,,21,6,2021,20:39:41
Ugz0E47d4Ed0sV3T_KJ4AaABAg,qcfhyC8JJVU,,0,In India people jump into river when health officials came to their village for Vaccination.,In India people jump into river when health officials came to their village for Vaccination.,@sandeepnegi9478,2021-06-22 03:34:27+00:00,2021-06-22T03:34:27Z,0,1,English,anti,,Fear fuels Covid-19 vaccine hesitancy in rural India,https://www.youtube.com/watch?v=qcfhyC8JJVU,https://i.ytimg.com/vi/qcfhyC8JJVU/default.jpg,21-06-2021,15,15,FALSE,,22,6,2021,03:34:27
Ugxn0utPSG8UvlQ24DJ4AaABAg,qcfhyC8JJVU,,0,00:20 I would hide in the forest too if someone has intention to straight punch me.,00 20 I would hide in the forest too if someone has intention to straight punch me.,@JS-el4eg,2021-06-22 01:46:35+00:00,2021-06-22T01:46:35Z,4,0,English,anti,,Fear fuels Covid-19 vaccine hesitancy in rural India,https://www.youtube.com/watch?v=qcfhyC8JJVU,https://i.ytimg.com/vi/qcfhyC8JJVU/default.jpg,21-06-2021,16,17,FALSE,,22,6,2021,01:46:35
UgzcZYgCTg8InmUwFEt4AaABAg,qcfhyC8JJVU,,0,"They didn't wear mask properly, even the medical staff, what a shame.","They didn't wear mask properly, even the medical staff, what a shame.",@TheEtienneCaesar,2021-06-21 18:54:17+00:00,2021-06-21T18:54:17Z,15,0,English,neutral,,Fear fuels Covid-19 vaccine hesitancy in rural India,https://www.youtube.com/watch?v=qcfhyC8JJVU,https://i.ytimg.com/vi/qcfhyC8JJVU/default.jpg,21-06-2021,12,12,FALSE,,21,6,2021,18:54:17
UgzqLHuTgvYB9_BF6lx4AaABAg,qcfhyC8JJVU,,0,NOOOOOOOO DON'T TAKE IT GIRL 🙅‍♀️,NOOOOOOOO DON'T TAKE IT GIRL,@Gold_gyrl,2021-06-21 21:58:56+00:00,2021-06-21T21:58:56Z,2,0,English,anti,,Fear fuels Covid-19 vaccine hesitancy in rural India,https://www.youtube.com/watch?v=qcfhyC8JJVU,https://i.ytimg.com/vi/qcfhyC8JJVU/default.jpg,21-06-2021,6,5,FALSE,,21,6,2021,21:58:56
UgxKxLpgHFAu360v5-F4AaABAg,qcfhyC8JJVU,,0,"Today india administrated 82 lakhs vaccines in single day  its a record, twice a population of new zealand totally 27 crore+ people vaccinated total population of(france+germany+britain+spain+italy)keep going","Today india administrated 82 lakhs vaccines in single day its a record, twice a population of new zealand totally 27 crore people vaccinated total population of france germany britain spain italy keep going",@cvm-x-2-sanjayshriram819,2021-06-22 04:48:54+00:00,2021-06-22T04:48:54Z,8,0,English,pro,,Fear fuels Covid-19 vaccine hesitancy in rural India,https://www.youtube.com/watch?v=qcfhyC8JJVU,https://i.ytimg.com/vi/qcfhyC8JJVU/default.jpg,21-06-2021,27,33,FALSE,,22,6,2021,04:48:54
UgzdHDgyb3o2Pmo0sNR4AaABAg,qcfhyC8JJVU,,0,Those people still have something that we lost Instinct,Those people still have something that we lost Instinct,@marcomereu,2021-06-22 15:51:43+00:00,2021-06-22T15:51:43Z,2,0,English,neutral,,Fear fuels Covid-19 vaccine hesitancy in rural India,https://www.youtube.com/watch?v=qcfhyC8JJVU,https://i.ytimg.com/vi/qcfhyC8JJVU/default.jpg,21-06-2021,9,9,FALSE,,22,6,2021,15:51:43
UgyBmAdUVsTNbsR0EM14AaABAg,qcfhyC8JJVU,,0,They better not ask for help when the get the rona,They better not ask for help when the get the rona,@Andysaid420,2021-06-21 18:07:49+00:00,2021-06-21T18:07:49Z,4,0,English,pro,,Fear fuels Covid-19 vaccine hesitancy in rural India,https://www.youtube.com/watch?v=qcfhyC8JJVU,https://i.ytimg.com/vi/qcfhyC8JJVU/default.jpg,21-06-2021,11,11,FALSE,,21,6,2021,18:07:49
UgwnlP2Q1cUeuCZb4Np4AaABAg,qcfhyC8JJVU,,0,Natural selection in action,Natural selection in action,@syanreeze253,2021-06-21 18:03:55+00:00,2021-06-21T18:03:55Z,9,0,English,pro,,Fear fuels Covid-19 vaccine hesitancy in rural India,https://www.youtube.com/watch?v=qcfhyC8JJVU,https://i.ytimg.com/vi/qcfhyC8JJVU/default.jpg,21-06-2021,4,4,FALSE,,21,6,2021,18:03:55
UgwqsXwRDg-Ii0yXxJN4AaABAg,qcfhyC8JJVU,,0,Over 8.5 million vaccines administered in a single day in India .. probably the highest in the world .. wonder if South China morning post will cover that as well ??,Over 8.5 million vaccines administered in a single day in India . probably the highest in the world . wonder if South China morning post will cover that as well ?,@shyamsundarj5993,2021-06-22 02:16:58+00:00,2021-06-22T02:16:58Z,3,3,English,pro,,Fear fuels Covid-19 vaccine hesitancy in rural India,https://www.youtube.com/watch?v=qcfhyC8JJVU,https://i.ytimg.com/vi/qcfhyC8JJVU/default.jpg,21-06-2021,31,31,FALSE,,22,6,2021,02:16:58
UgyyJ4J-vF0HihKsKah4AaABAg,qcfhyC8JJVU,,0,"Great, freedom of speech is doing its work.","Great, freedom of speech is doing its work.",@harryloo8544,2021-06-21 18:10:16+00:00,2021-06-21T18:10:16Z,2,0,English,neutral,,Fear fuels Covid-19 vaccine hesitancy in rural India,https://www.youtube.com/watch?v=qcfhyC8JJVU,https://i.ytimg.com/vi/qcfhyC8JJVU/default.jpg,21-06-2021,8,8,FALSE,,21,6,2021,18:10:16
UgyZR1CYdIs5-9itWKl4AaABAg,kxHOs6hDS7I,,0,"when new york was in disaster zone early last year, many indian doctors flew in voluntarily to help new yorkers. Please keep India and her frontline workers in your prayers! 🙏","when new york was in disaster zone early last year, many indian doctors flew in voluntarily to help new yorkers. Please keep India and her frontline workers in your prayers!",@aswini4222,2021-04-26 22:51:14+00:00,2021-04-26T22:51:14Z,120,12,English,pro,,"Dr. Ashish Jha on India's COVID-19 crisis, vaccine hesitancy and outdoor mask mandate",https://www.youtube.com/watch?v=kxHOs6hDS7I,https://i.ytimg.com/vi/kxHOs6hDS7I/default.jpg,26-04-2021,31,30,FALSE,,26,4,2021,22:51:14
UgyEODeWa6Xr43GBNOp4AaABAg,kxHOs6hDS7I,,0,“It is difficult to free fools from chains they revere” -Voltaire,It is difficult to free fools from chains they revere -Voltaire,@StoicProfile,2021-04-29 05:02:13+00:00,2021-04-29T05:02:13Z,7,0,English,pro,,"Dr. Ashish Jha on India's COVID-19 crisis, vaccine hesitancy and outdoor mask mandate",https://www.youtube.com/watch?v=kxHOs6hDS7I,https://i.ytimg.com/vi/kxHOs6hDS7I/default.jpg,26-04-2021,11,11,FALSE,,29,4,2021,05:02:13
UgxH9urk5m3cB6LOhg54AaABAg,kxHOs6hDS7I,,0,God bless India! This is a humanitarian crisis and countries need to band together with support.,God bless India! This is a humanitarian crisis and countries need to band together with support.,@pamelagayle8854,2021-05-01 06:30:13+00:00,2021-05-01T06:30:13Z,0,0,English,pro,,"Dr. Ashish Jha on India's COVID-19 crisis, vaccine hesitancy and outdoor mask mandate",https://www.youtube.com/watch?v=kxHOs6hDS7I,https://i.ytimg.com/vi/kxHOs6hDS7I/default.jpg,26-04-2021,16,16,FALSE,,1,5,2021,06:30:13
UgzSJOBCCiPSWEuCxSt4AaABAg,kxHOs6hDS7I,,0,Pride of Bihar and India...,Pride of Bihar and India.,@jamalhassan7874,2021-05-01 22:22:18+00:00,2021-05-01T22:22:18Z,0,0,English,neutral,,"Dr. Ashish Jha on India's COVID-19 crisis, vaccine hesitancy and outdoor mask mandate",https://www.youtube.com/watch?v=kxHOs6hDS7I,https://i.ytimg.com/vi/kxHOs6hDS7I/default.jpg,26-04-2021,5,5,FALSE,,1,5,2021,22:22:18
UgyEfyBiExk1zm_R-mF4AaABAg,kxHOs6hDS7I,,0,Ashish Jha is my main guy to listen to,Ashish Jha is my main guy to listen to,@Talkingbaseball,2021-04-26 13:37:12+00:00,2021-04-26T13:37:12Z,13,5,English,neutral,,"Dr. Ashish Jha on India's COVID-19 crisis, vaccine hesitancy and outdoor mask mandate",https://www.youtube.com/watch?v=kxHOs6hDS7I,https://i.ytimg.com/vi/kxHOs6hDS7I/default.jpg,26-04-2021,9,9,FALSE,,26,4,2021,13:37:12
Ugzc24oKgMP5Ea5pnx14AaABAg,kxHOs6hDS7I,,0,More than monetory or any equipment India needs management lessons for better understanding pandemic situation and to treat and care patients with soul and heart true to efforts without any political agenda or any hidden goals to play with human life. Ashish is name whom you can trust  for correct Path.,More than monetory or any equipment India needs management lessons for better understanding pandemic situation and to treat and care patients with soul and heart true to efforts without any political agenda or any hidden goals to play with human life. Ashish is name whom you can trust for correct Path.,@ashishwasani7167,2021-04-26 14:47:05+00:00,2021-04-26T14:47:05Z,9,6,English,neutral,,"Dr. Ashish Jha on India's COVID-19 crisis, vaccine hesitancy and outdoor mask mandate",https://www.youtube.com/watch?v=kxHOs6hDS7I,https://i.ytimg.com/vi/kxHOs6hDS7I/default.jpg,26-04-2021,51,51,FALSE,,26,4,2021,14:47:05
Ugx5hubfJqaJSNrXeNh4AaABAg,kxHOs6hDS7I,,0,"From what I'm hearing it seems like the people in india being affected very badly are lacking basic supplies like food, water, vitamin c, and sanitary conditions","From what I'm hearing it seems like the people in india being affected very badly are lacking basic supplies like food, water, vitamin c, and sanitary conditions",@Elburion,2021-04-27 00:16:27+00:00,2021-04-27T00:16:27Z,8,5,English,neutral,,"Dr. Ashish Jha on India's COVID-19 crisis, vaccine hesitancy and outdoor mask mandate",https://www.youtube.com/watch?v=kxHOs6hDS7I,https://i.ytimg.com/vi/kxHOs6hDS7I/default.jpg,26-04-2021,27,27,FALSE,,27,4,2021,00:16:27
UgxwqwGTFuXeUADTYsh4AaABAg,kxHOs6hDS7I,,0,Maybe they're having a large outbreak because they're extremely populous? Has anyone considered that? Living in HUGE urban areas while being extremely poor will do a number.,Maybe they're having a large outbreak because they're extremely populous? Has anyone considered that? Living in HUGE urban areas while being extremely poor will do a number.,@jordanpost3957,2021-04-26 16:16:40+00:00,2021-04-26T16:16:40Z,18,2,English,neutral,,"Dr. Ashish Jha on India's COVID-19 crisis, vaccine hesitancy and outdoor mask mandate",https://www.youtube.com/watch?v=kxHOs6hDS7I,https://i.ytimg.com/vi/kxHOs6hDS7I/default.jpg,26-04-2021,27,27,FALSE,,26,4,2021,16:16:40
UgzYpn3XYT5_NOJtXMZ4AaABAg,kxHOs6hDS7I,,0,Poison,Poison,@turkeysandwiche8552,2021-04-26 15:20:32+00:00,2021-04-26T15:20:32Z,4,7,English,anti,,"Dr. Ashish Jha on India's COVID-19 crisis, vaccine hesitancy and outdoor mask mandate",https://www.youtube.com/watch?v=kxHOs6hDS7I,https://i.ytimg.com/vi/kxHOs6hDS7I/default.jpg,26-04-2021,1,1,TRUE,,26,4,2021,15:20:32
Ugym206eQjPb8s4t-3R4AaABAg,kxHOs6hDS7I,,0,Give us help from trouble; for  vain is the help of man...Psalms 108:12,Give us help from trouble for vain is the help of man.Psalms 108 12,@shotbyreginald7563,2021-04-26 13:23:16+00:00,2021-04-26T13:23:16Z,15,8,English,neutral,,"Dr. Ashish Jha on India's COVID-19 crisis, vaccine hesitancy and outdoor mask mandate",https://www.youtube.com/watch?v=kxHOs6hDS7I,https://i.ytimg.com/vi/kxHOs6hDS7I/default.jpg,26-04-2021,13,14,FALSE,,26,4,2021,13:23:16
Ugw6IHt9-epNgjhIYX54AaABAg,kxHOs6hDS7I,,0,Okay.. but what was the point of the race percentages on vaccinations?,Okay. but what was the point of the race percentages on vaccinations?,@AdmiralFerret,2021-04-26 16:00:51+00:00,2021-04-26T16:00:51Z,6,1,English,neutral,,"Dr. Ashish Jha on India's COVID-19 crisis, vaccine hesitancy and outdoor mask mandate",https://www.youtube.com/watch?v=kxHOs6hDS7I,https://i.ytimg.com/vi/kxHOs6hDS7I/default.jpg,26-04-2021,12,12,FALSE,,26,4,2021,16:00:51
Ugx9AFPbKRTJuCpPxKF4AaABAg,kxHOs6hDS7I,,0,"Wondering , in this COVID hype situation in India how do graveyards of other religions look like!!! Any update!!","Wondering , in this COVID hype situation in India how do graveyards of other religions look like! Any update!",@AA-ub4wq,2021-04-27 00:42:57+00:00,2021-04-27T00:42:57Z,2,2,English,neutral,,"Dr. Ashish Jha on India's COVID-19 crisis, vaccine hesitancy and outdoor mask mandate",https://www.youtube.com/watch?v=kxHOs6hDS7I,https://i.ytimg.com/vi/kxHOs6hDS7I/default.jpg,26-04-2021,19,19,FALSE,,27,4,2021,00:42:57
UgypNiduRHEztgIi5Xl4AaABAg,kxHOs6hDS7I,,0,The quickest way to end this nightmare is to ignore it. I refuse to play along anymore.,The quickest way to end this nightmare is to ignore it. I refuse to play along anymore.,@JS-nu7li,2021-04-26 17:31:53+00:00,2021-04-26T17:31:53Z,27,8,English,neutral,,"Dr. Ashish Jha on India's COVID-19 crisis, vaccine hesitancy and outdoor mask mandate",https://www.youtube.com/watch?v=kxHOs6hDS7I,https://i.ytimg.com/vi/kxHOs6hDS7I/default.jpg,26-04-2021,17,17,FALSE,,26,4,2021,17:31:53
Ugy9DlPRJCYpCqRT99l4AaABAg,kxHOs6hDS7I,,0,How do they do their stats? I never get asked my opinion,How do they do their stats? I never get asked my opinion,@HEYRYANLLRRGROUPALLDAY,2021-04-26 16:41:44+00:00,2021-04-26T16:41:44Z,14,5,English,neutral,,"Dr. Ashish Jha on India's COVID-19 crisis, vaccine hesitancy and outdoor mask mandate",https://www.youtube.com/watch?v=kxHOs6hDS7I,https://i.ytimg.com/vi/kxHOs6hDS7I/default.jpg,26-04-2021,12,12,FALSE,,26,4,2021,16:41:44
Ugy4BKEbUit3_2KqwyN4AaABAg,kxHOs6hDS7I,,0,Shouldn't we be giving vaccines to all countries in need,Shouldn't we be giving vaccines to all countries in need,@trblcleft,2021-04-27 05:25:38+00:00,2021-04-27T05:25:38Z,2,0,English,pro,,"Dr. Ashish Jha on India's COVID-19 crisis, vaccine hesitancy and outdoor mask mandate",https://www.youtube.com/watch?v=kxHOs6hDS7I,https://i.ytimg.com/vi/kxHOs6hDS7I/default.jpg,26-04-2021,10,10,FALSE,,27,4,2021,05:25:38
UgzOdLY77nprJPz8hrx4AaABAg,kxHOs6hDS7I,,0,Dr Jha is brilliant. Very clever bloke. I’ve read many of his papers.,Dr Jha is brilliant. Very clever bloke. I ve read many of his papers.,@guymichel8533,2021-04-26 20:08:45+00:00,2021-04-26T20:08:45Z,8,5,English,neutral,,"Dr. Ashish Jha on India's COVID-19 crisis, vaccine hesitancy and outdoor mask mandate",https://www.youtube.com/watch?v=kxHOs6hDS7I,https://i.ytimg.com/vi/kxHOs6hDS7I/default.jpg,26-04-2021,13,14,FALSE,,26,4,2021,20:08:45
UgzG859fyAxM3uehonZ4AaABAg,9MdiDol0lAM,,0,That's why I have some heart problems with coughing and chest pain. 😭😭😭😭😭😭😭😭😭,That's why I have some heart problems with coughing and chest pain.,@quadrilateraldas8872,2024-04-30 12:49:11+00:00,2024-04-30T12:49:11Z,53,8,English,anti,,"Covishield Vaccine Causes Blood Clots, Heart Attacks & Death? AstraZeneca Admits Vaccine SideEffects",https://www.youtube.com/watch?v=9MdiDol0lAM,https://i.ytimg.com/vi/9MdiDol0lAM/default.jpg,30-04-2024,13,12,FALSE,,30,4,2024,12:49:11
UgyALFIqHB2IjbBl_hh4AaABAg,9MdiDol0lAM,,0,"I had friend who was died due to blood clots within just 5 minutes while he was sitting on chair !!,..didn't get time to Hospitalized him,..","I had friend who was died due to blood clots within just 5 minutes while he was sitting on chair !,.didn't get time to Hospitalized him,.",@TheLeoPoint,2024-04-30 13:10:28+00:00,2024-04-30T13:12:29Z,21,5,English,anti,,"Covishield Vaccine Causes Blood Clots, Heart Attacks & Death? AstraZeneca Admits Vaccine SideEffects",https://www.youtube.com/watch?v=9MdiDol0lAM,https://i.ytimg.com/vi/9MdiDol0lAM/default.jpg,30-04-2024,26,26,FALSE,,30,4,2024,13:10:28
Ugw2ma3t2vnJDOcu5l14AaABAg,9MdiDol0lAM,,0,Arrest that ceo and that's why India need educated PM,Arrest that ceo and that's why India need educated PM,@mehtabcjc12,2024-05-01 02:34:11+00:00,2024-05-01T02:34:11Z,31,0,English,anti,,"Covishield Vaccine Causes Blood Clots, Heart Attacks & Death? AstraZeneca Admits Vaccine SideEffects",https://www.youtube.com/watch?v=9MdiDol0lAM,https://i.ytimg.com/vi/9MdiDol0lAM/default.jpg,30-04-2024,10,10,FALSE,,1,5,2024,02:34:11
UgxgTUo_fmeNjw3_Si94AaABAg,9MdiDol0lAM,,0,"I think it's true, now I also have some heart problems and has blurr while I exercises a little hard and while coughing. But who will be responsible 😭😞, we suffer silenty .","I think it's true, now I also have some heart problems and has blurr while I exercises a little hard and while coughing. But who will be responsible , we suffer silenty .",@YWiseman-yf6xk,2024-04-30 11:58:21+00:00,2024-04-30T11:58:21Z,25,5,English,anti,,"Covishield Vaccine Causes Blood Clots, Heart Attacks & Death? AstraZeneca Admits Vaccine SideEffects",https://www.youtube.com/watch?v=9MdiDol0lAM,https://i.ytimg.com/vi/9MdiDol0lAM/default.jpg,30-04-2024,33,33,FALSE,,30,4,2024,11:58:21
UgxTm5FqYBYwO_Wfa0d4AaABAg,9MdiDol0lAM,,0,Create a problem and sell the cure,Create a problem and sell the cure,@SSS-rd3wr,2024-04-30 19:48:04+00:00,2024-04-30T19:48:04Z,6,0,English,anti,,"Covishield Vaccine Causes Blood Clots, Heart Attacks & Death? AstraZeneca Admits Vaccine SideEffects",https://www.youtube.com/watch?v=9MdiDol0lAM,https://i.ytimg.com/vi/9MdiDol0lAM/default.jpg,30-04-2024,7,7,FALSE,,30,4,2024,19:48:04
UgwYedjKQztpUQclukd4AaABAg,9MdiDol0lAM,,0,All peoples in India should raise complaints against this company and Government for forcefully giving covishield vaccine 😓,All peoples in India should raise complaints against this company and Government for forcefully giving covishield vaccine,@captureflair4754,2024-05-03 11:15:16+00:00,2024-05-03T11:15:16Z,5,1,English,anti,,"Covishield Vaccine Causes Blood Clots, Heart Attacks & Death? AstraZeneca Admits Vaccine SideEffects",https://www.youtube.com/watch?v=9MdiDol0lAM,https://i.ytimg.com/vi/9MdiDol0lAM/default.jpg,30-04-2024,18,17,FALSE,,3,5,2024,11:15:16
UgzcEgTx-X-NTu-mbQV4AaABAg,9MdiDol0lAM,,0,My uncle also had sudde. Heart fail. And he died in Seconds,My uncle also had sudde. Heart fail. And he died in Seconds,@sarafeenakhatoon3530,2024-05-04 08:09:29+00:00,2024-05-04T08:09:29Z,2,0,English,anti,,"Covishield Vaccine Causes Blood Clots, Heart Attacks & Death? AstraZeneca Admits Vaccine SideEffects",https://www.youtube.com/watch?v=9MdiDol0lAM,https://i.ytimg.com/vi/9MdiDol0lAM/default.jpg,30-04-2024,12,12,FALSE,,4,5,2024,08:09:29
UgzjvwdjveUcXQJcebR4AaABAg,9MdiDol0lAM,,0,My husband all of sudden had sever stomach pain which later he was diagnosed with blood clotting. A healthy person suddenly falling severely ill for the first time.,My husband all of sudden had sever stomach pain which later he was diagnosed with blood clotting. A healthy person suddenly falling severely ill for the first time.,@priyankapatil8741,2024-04-30 11:45:09+00:00,2024-04-30T11:45:09Z,19,3,English,anti,,"Covishield Vaccine Causes Blood Clots, Heart Attacks & Death? AstraZeneca Admits Vaccine SideEffects",https://www.youtube.com/watch?v=9MdiDol0lAM,https://i.ytimg.com/vi/9MdiDol0lAM/default.jpg,30-04-2024,28,28,FALSE,,30,4,2024,11:45:09
Ugx5yr56Lf1Vydb1x-N4AaABAg,9MdiDol0lAM,,0,Anything to worry?,Anything to worry?,@FAISALKHAN-py1dh,2024-04-30 15:56:17+00:00,2024-04-30T15:56:17Z,3,0,English,neutral,,"Covishield Vaccine Causes Blood Clots, Heart Attacks & Death? AstraZeneca Admits Vaccine SideEffects",https://www.youtube.com/watch?v=9MdiDol0lAM,https://i.ytimg.com/vi/9MdiDol0lAM/default.jpg,30-04-2024,3,3,FALSE,,30,4,2024,15:56:17
UgwwFqQqOG2pJw8ys5d4AaABAg,9MdiDol0lAM,,0,"I have not taken the vaccination yet but as I am going for interviews ,they asking the covid vaccination certificate , so I was planning to take the vaccine but now ???? Is there anybody who didn't taken the vaccine till now ???","I have not taken the vaccination yet but as I am going for interviews ,they asking the covid vaccination certificate , so I was planning to take the vaccine but now ? Is there anybody who didn't taken the vaccine till now ?",@nikhiljoseph404,2024-05-02 11:20:36+00:00,2024-05-02T11:20:47Z,8,4,English,neutral,,"Covishield Vaccine Causes Blood Clots, Heart Attacks & Death? AstraZeneca Admits Vaccine SideEffects",https://www.youtube.com/watch?v=9MdiDol0lAM,https://i.ytimg.com/vi/9MdiDol0lAM/default.jpg,30-04-2024,43,43,FALSE,,2,5,2024,11:20:36
UgzGFv02ukySfl6PuGt4AaABAg,9MdiDol0lAM,,0,My uncle died last month...he had a heart attack..he was healthy..thn one of my cousin who is very young diagnosed with cancer last week...and they both took the poison vaccine..I m scared..so many of my friends and family members having unexplainable health issues...I m angry and scared...,My uncle died last month.he had a heart attack.he was healthy.thn one of my cousin who is very young diagnosed with cancer last week.and they both took the poison vaccine.I m scared.so many of my friends and family members having unexplainable health issues.I m angry and scared.,@rhinoranger3873,2024-05-10 10:33:47+00:00,2024-05-10T10:33:47Z,3,2,English,anti,,"Covishield Vaccine Causes Blood Clots, Heart Attacks & Death? AstraZeneca Admits Vaccine SideEffects",https://www.youtube.com/watch?v=9MdiDol0lAM,https://i.ytimg.com/vi/9MdiDol0lAM/default.jpg,30-04-2024,47,47,FALSE,,10,5,2024,10:33:47
Ugyrd73BEoqFsGPM5_h4AaABAg,9MdiDol0lAM,,0,I personally know a dozen people who died early after recovering from Covid.,I personally know a dozen people who died early after recovering from Covid.,@YoddhaWarrior,2024-05-05 16:23:01+00:00,2024-05-05T16:23:01Z,0,0,English,neutral,,"Covishield Vaccine Causes Blood Clots, Heart Attacks & Death? AstraZeneca Admits Vaccine SideEffects",https://www.youtube.com/watch?v=9MdiDol0lAM,https://i.ytimg.com/vi/9MdiDol0lAM/default.jpg,30-04-2024,13,13,FALSE,,5,5,2024,16:23:01
UgxAEz73R-b_GJniDId4AaABAg,9MdiDol0lAM,,0,My mother got lymphoma cancer within 2-3 days of vaccination,My mother got lymphoma cancer within 2-3 days of vaccination,@ShrinivasSwami-o1g,2024-04-30 14:38:33+00:00,2024-04-30T14:38:33Z,5,2,English,anti,,"Covishield Vaccine Causes Blood Clots, Heart Attacks & Death? AstraZeneca Admits Vaccine SideEffects",https://www.youtube.com/watch?v=9MdiDol0lAM,https://i.ytimg.com/vi/9MdiDol0lAM/default.jpg,30-04-2024,10,10,FALSE,,30,4,2024,14:38:33
UgyivynpViM7tfJ8gmZ4AaABAg,9MdiDol0lAM,,0,What about pyser,What about pfizer,@rachealjohnson9482,2024-05-07 09:43:44+00:00,2024-05-07T09:43:44Z,0,0,English,anti,,"Covishield Vaccine Causes Blood Clots, Heart Attacks & Death? AstraZeneca Admits Vaccine SideEffects",https://www.youtube.com/watch?v=9MdiDol0lAM,https://i.ytimg.com/vi/9MdiDol0lAM/default.jpg,30-04-2024,3,3,FALSE,,7,5,2024,09:43:44
Ugypqrf0mQneMXTK9YZ4AaABAg,9MdiDol0lAM,,0,I have problem in heart and breath at night might be covaxine,I have problem in heart and breath at night might be covaxine,@biangborpnongsiang2090,2024-05-03 22:39:51+00:00,2024-05-03T22:39:51Z,1,0,English,anti,,"Covishield Vaccine Causes Blood Clots, Heart Attacks & Death? AstraZeneca Admits Vaccine SideEffects",https://www.youtube.com/watch?v=9MdiDol0lAM,https://i.ytimg.com/vi/9MdiDol0lAM/default.jpg,30-04-2024,12,12,FALSE,,3,5,2024,22:39:51
UgwIiED3ri_x5usjj_Z4AaABAg,9MdiDol0lAM,,0,CoviShield Assemble here :),CoviShield Assemble here,@Dudenetin1,2024-04-30 15:02:11+00:00,2024-04-30T15:02:11Z,1,0,English,pro,,"Covishield Vaccine Causes Blood Clots, Heart Attacks & Death? AstraZeneca Admits Vaccine SideEffects",https://www.youtube.com/watch?v=9MdiDol0lAM,https://i.ytimg.com/vi/9MdiDol0lAM/default.jpg,30-04-2024,4,3,FALSE,,30,4,2024,15:02:11
Ugy24n50hk_p8psGyo94AaABAg,9MdiDol0lAM,,0,मैने तो vaccine  लिया  ही नही.,म न त vaccine ल य ह नह .,@ufo10,2024-05-01 07:49:47+00:00,2024-05-01T07:49:47Z,2,0,Hindi,anti,,"Covishield Vaccine Causes Blood Clots, Heart Attacks & Death? AstraZeneca Admits Vaccine SideEffects",https://www.youtube.com/watch?v=9MdiDol0lAM,https://i.ytimg.com/vi/9MdiDol0lAM/default.jpg,30-04-2024,6,9,FALSE,,1,5,2024,07:49:47
UgyOexVfysYQZnUo6uJ4AaABAg,9MdiDol0lAM,,0,My father got stroke after getting vaccine and im 28 i got diabetes after vaccine.,My father got stroke after getting vaccine and im 28 i got diabetes after vaccine.,@northernkashmir3325,2024-05-02 12:23:49+00:00,2024-05-02T12:24:19Z,1,0,English,anti,,"Covishield Vaccine Causes Blood Clots, Heart Attacks & Death? AstraZeneca Admits Vaccine SideEffects",https://www.youtube.com/watch?v=9MdiDol0lAM,https://i.ytimg.com/vi/9MdiDol0lAM/default.jpg,30-04-2024,15,15,FALSE,,2,5,2024,12:23:49
UgzzzL8YGZzbkjlRZq54AaABAg,9MdiDol0lAM,,0,My father suffered from blood clotting in legs.. 😢,My father suffered from blood clotting in legs.,@ganeshchaurasiya6867,2024-05-02 17:17:59+00:00,2024-05-02T17:17:59Z,1,1,English,anti,,"Covishield Vaccine Causes Blood Clots, Heart Attacks & Death? AstraZeneca Admits Vaccine SideEffects",https://www.youtube.com/watch?v=9MdiDol0lAM,https://i.ytimg.com/vi/9MdiDol0lAM/default.jpg,30-04-2024,9,8,FALSE,,2,5,2024,17:17:59
UgyQkKhiUiJ8TFAtUcV4AaABAg,9MdiDol0lAM,,0,Thanks Modi govt. Force each every one to get vaccinated,Thanks Modi govt. Force each every one to get vaccinated,@SangmateerSolution,2024-04-30 14:30:25+00:00,2024-04-30T14:30:25Z,19,0,English,anti,,"Covishield Vaccine Causes Blood Clots, Heart Attacks & Death? AstraZeneca Admits Vaccine SideEffects",https://www.youtube.com/watch?v=9MdiDol0lAM,https://i.ytimg.com/vi/9MdiDol0lAM/default.jpg,30-04-2024,10,10,FALSE,,30,4,2024,14:30:25
UgzOO6qMkD8FM2zTp6N4AaABAg,9MdiDol0lAM,,0,My father developed a blood clot in his leg within days of the booster shot ☠️,My father developed a blood clot in his leg within days of the booster shot,@Britishallltheway,2024-04-30 18:11:24+00:00,2024-04-30T18:11:24Z,1,1,English,anti,,"Covishield Vaccine Causes Blood Clots, Heart Attacks & Death? AstraZeneca Admits Vaccine SideEffects",https://www.youtube.com/watch?v=9MdiDol0lAM,https://i.ytimg.com/vi/9MdiDol0lAM/default.jpg,30-04-2024,16,15,FALSE,,30,4,2024,18:11:24
UgwwStTABkE5YRCAsTN4AaABAg,9MdiDol0lAM,,0,"Actually i was completely fit and fine during whole covid era, but govt college forced me to take vaccine. I just took 1st dose 💀 and didn't take 2nd and 3rd dose","Actually i was completely fit and fine during whole covid era, but govt college forced me to take vaccine. I just took 1st dose and didn't take 2nd and 3rd dose",@MiyokoJEE,2024-05-01 07:30:03+00:00,2024-05-01T07:30:11Z,9,7,English,anti,,"Covishield Vaccine Causes Blood Clots, Heart Attacks & Death? AstraZeneca Admits Vaccine SideEffects",https://www.youtube.com/watch?v=9MdiDol0lAM,https://i.ytimg.com/vi/9MdiDol0lAM/default.jpg,30-04-2024,32,31,FALSE,,1,5,2024,07:30:03
UgyFBszHR1AMJPUhz094AaABAg,9MdiDol0lAM,,0,Aise pm ki leni chahiye jisne force karaya logu ko,Aise pm ki leni chahiye jisne force karaya logu ko,@naveedmehraj5139,2024-05-02 09:18:34+00:00,2024-05-02T09:18:34Z,0,0,Code mixed,anti,,"Covishield Vaccine Causes Blood Clots, Heart Attacks & Death? AstraZeneca Admits Vaccine SideEffects",https://www.youtube.com/watch?v=9MdiDol0lAM,https://i.ytimg.com/vi/9MdiDol0lAM/default.jpg,30-04-2024,10,10,FALSE,,2,5,2024,09:18:34
UgyYfwuVw1GHV5NRep14AaABAg,9MdiDol0lAM,,0,Maut ka Saudagar😢,Maut ka Saudagar,@tariquekhan447,2024-05-01 17:17:13+00:00,2024-05-01T17:17:13Z,0,0,Code mixed,anti,,"Covishield Vaccine Causes Blood Clots, Heart Attacks & Death? AstraZeneca Admits Vaccine SideEffects",https://www.youtube.com/watch?v=9MdiDol0lAM,https://i.ytimg.com/vi/9MdiDol0lAM/default.jpg,30-04-2024,3,3,FALSE,,1,5,2024,17:17:13
UgwhQzlYkhjyw6vWjVt4AaABAg,9MdiDol0lAM,,0,How long does this affect the body? Any Doctors here to answer this pls? Its power won't slow down at all is it?,How long does this affect the body? Any Doctors here to answer this pls? Its power won't slow down at all is it?,@manasag8494,2024-04-30 16:20:29+00:00,2024-04-30T16:20:29Z,0,4,English,neutral,,"Covishield Vaccine Causes Blood Clots, Heart Attacks & Death? AstraZeneca Admits Vaccine SideEffects",https://www.youtube.com/watch?v=9MdiDol0lAM,https://i.ytimg.com/vi/9MdiDol0lAM/default.jpg,30-04-2024,23,23,FALSE,,30,4,2024,16:20:29
Ugyn9lp3Km31AIo5kBF4AaABAg,9MdiDol0lAM,,0,"India needs more vaccines theres new waves of strains out in 2024 to 2040 were sending much faster products around a billion ""enjoy ""'😂",India needs more vaccines theres new waves of strains out in 2024 to 2040 were sending much faster products around a billion enjoy ',@WhoseManAreYou,2024-07-17 20:18:16+00:00,2024-07-17T20:18:16Z,0,0,English,pro,,"Covishield Vaccine Causes Blood Clots, Heart Attacks & Death? AstraZeneca Admits Vaccine SideEffects",https://www.youtube.com/watch?v=9MdiDol0lAM,https://i.ytimg.com/vi/9MdiDol0lAM/default.jpg,30-04-2024,24,24,FALSE,,17,7,2024,20:18:16
UgyM1ywjQsKN8KhAsnF4AaABAg,9MdiDol0lAM,,0,"Cough syrup se bhi sideffects hota hai ,all vaccine has sideffects","Cough syrup se bhi sideffects hota hai ,all vaccine has sideffects",@Axe85,2024-04-30 13:11:00+00:00,2024-04-30T13:11:00Z,6,17,English,pro,,"Covishield Vaccine Causes Blood Clots, Heart Attacks & Death? AstraZeneca Admits Vaccine SideEffects",https://www.youtube.com/watch?v=9MdiDol0lAM,https://i.ytimg.com/vi/9MdiDol0lAM/default.jpg,30-04-2024,11,11,FALSE,,30,4,2024,13:11:00
UgzdHPTu1HfPyjXKnNN4AaABAg,9MdiDol0lAM,,0,"LOL,  *My classmates and i got that same vaccine ""Covishield"" We all are fine, we all are ok* 🥱","LOL, My classmates and i got that same vaccine Covishield We all are fine, we all are ok",@circuitworm1496,2024-05-01 03:37:44+00:00,2024-05-01T03:37:44Z,1,16,English,pro,,"Covishield Vaccine Causes Blood Clots, Heart Attacks & Death? AstraZeneca Admits Vaccine SideEffects",https://www.youtube.com/watch?v=9MdiDol0lAM,https://i.ytimg.com/vi/9MdiDol0lAM/default.jpg,30-04-2024,19,18,FALSE,,1,5,2024,03:37:44
UgwT1yeCOyLCKPR_4Xx4AaABAg,AbBUWNW__lY,,0,"Mucormycosis / Black fungus in Covid patients: Causes, Signs & Symptoms, Diagnosis, and Treatment 👇👇👇👇 must watch and share 👇👇👇👇 https://www.youtube.com/watch?v=2fJw_PGK-a0","Mucormycosis Black fungus in Covid patients Causes, Signs Symptoms, Diagnosis, and Treatment must watch and share",@doctorbhanuprakash,2021-05-22 12:26:36+00:00,2021-05-22T12:26:36Z,39,6,English,anti,,Covid 19 vaccines of india Covishield and Covaxin  list of possible side effects #TrustTheExperts,https://www.youtube.com/watch?v=AbBUWNW__lY,https://i.ytimg.com/vi/AbBUWNW__lY/default.jpg,13-05-2021,21,16,FALSE,,22,5,2021,12:26:36
UgwZk1frnwFtKChXr6J4AaABAg,AbBUWNW__lY,,0,Thanks for the video. After taking both Fizer and Oxford doses I have been having shortness of breath and phlegm. Here I am 5 months later and I'm definitely sure that my body is not the same as it was before I was forced to take 2 shots. I am so mad about this actually.,Thanks for the video. After taking both Fizer and Oxford doses I have been having shortness of breath and phlegm. Here I am 5 months later and I'm definitely sure that my body is not the same as it was before I was forced to take 2 shots. I am so mad about this actually.,@Omar-jy1gr,2022-01-17 15:24:37+00:00,2022-01-17T15:24:37Z,21,6,English,anti,,Covid 19 vaccines of india Covishield and Covaxin  list of possible side effects #TrustTheExperts,https://www.youtube.com/watch?v=AbBUWNW__lY,https://i.ytimg.com/vi/AbBUWNW__lY/default.jpg,13-05-2021,55,55,FALSE,,17,1,2022,15:24:37
UgzmIO3hGTPH0R5jEPd4AaABAg,AbBUWNW__lY,,0,"My brother got his first dose and after taking the vaccine within 20h he got high fever, body ache, headache and weakness. I hope the vaccine will work properly. I hope it's useful. Vaccine can't do anyways only ALLAH can","My brother got his first dose and after taking the vaccine within 20h he got high fever, body ache, headache and weakness. I hope the vaccine will work properly. I hope it's useful. Vaccine can't do anyways only ALLAH can",@betterthanyou6843,2021-06-11 03:44:50+00:00,2021-06-11T03:44:50Z,16,2,English,anti,,Covid 19 vaccines of india Covishield and Covaxin  list of possible side effects #TrustTheExperts,https://www.youtube.com/watch?v=AbBUWNW__lY,https://i.ytimg.com/vi/AbBUWNW__lY/default.jpg,13-05-2021,40,40,FALSE,,11,6,2021,03:44:50
UgxtEvsfAe13BJ7zrOx4AaABAg,AbBUWNW__lY,,0,I have vaccined before 10 hours I can't sleep at night bcz of the pain in  the vaccination site and also some sore throat ...,I have vaccined before 10 hours I can't sleep at night bcz of the pain in the vaccination site and also some sore throat .,@anupkumardey7514,2021-06-24 23:32:57+00:00,2021-06-24T23:32:57Z,12,0,English,anti,,Covid 19 vaccines of india Covishield and Covaxin  list of possible side effects #TrustTheExperts,https://www.youtube.com/watch?v=AbBUWNW__lY,https://i.ytimg.com/vi/AbBUWNW__lY/default.jpg,13-05-2021,25,25,FALSE,,24,6,2021,23:32:57
UgyaJeN_jkwiHzHtUjB4AaABAg,AbBUWNW__lY,,0,It has been 10 days.. I have taken covishield first dose still if I walk for 5 mins I am feeling very tired before that i used to walk two kilometers but no Tiredness... And second thing am getting very frustrated on small things... I don't  why...what's happening,It has been 10 days. I have taken covishield first dose still if I walk for 5 mins I am feeling very tired before that i used to walk two kilometers but no Tiredness. And second thing am getting very frustrated on small things. I don't why.what's happening,@sonym6312,2021-09-05 16:00:39+00:00,2021-09-05T16:01:27Z,22,18,English,anti,,Covid 19 vaccines of india Covishield and Covaxin  list of possible side effects #TrustTheExperts,https://www.youtube.com/watch?v=AbBUWNW__lY,https://i.ytimg.com/vi/AbBUWNW__lY/default.jpg,13-05-2021,48,48,FALSE,,5,9,2021,16:00:39
UgyA_BC5K7yrhDgXbIN4AaABAg,AbBUWNW__lY,,0,"Chills,strong headache and eye reddish occured for me....","Chills,strong headache and eye reddish occured for me.",@muralis158,2021-07-18 04:45:08+00:00,2021-07-18T04:45:08Z,5,0,English,anti,,Covid 19 vaccines of india Covishield and Covaxin  list of possible side effects #TrustTheExperts,https://www.youtube.com/watch?v=AbBUWNW__lY,https://i.ytimg.com/vi/AbBUWNW__lY/default.jpg,13-05-2021,8,8,FALSE,,18,7,2021,04:45:08
UgxVtM_2ZwGJ7XqZ1D54AaABAg,AbBUWNW__lY,,0,Exactly happened with me. Couldn't eat and puked a lot. I just ate a heavy chocolate in order to take medicines.,Exactly happened with me. Couldn't eat and puked a lot. I just ate a heavy chocolate in order to take medicines.,@Azura-adamson,2021-06-12 12:33:12+00:00,2021-06-12T12:33:12Z,21,6,English,anti,,Covid 19 vaccines of india Covishield and Covaxin  list of possible side effects #TrustTheExperts,https://www.youtube.com/watch?v=AbBUWNW__lY,https://i.ytimg.com/vi/AbBUWNW__lY/default.jpg,13-05-2021,21,21,FALSE,,12,6,2021,12:33:12
Ugwh0Tb1ph56VAGqQIl4AaABAg,AbBUWNW__lY,,0,I feel thirsty and fatigue all the time after taking covishield within one week,I feel thirsty and fatigue all the time after taking covishield within one week,@poojagowda4506,2021-06-30 08:00:36+00:00,2021-06-30T08:00:36Z,22,11,English,anti,,Covid 19 vaccines of india Covishield and Covaxin  list of possible side effects #TrustTheExperts,https://www.youtube.com/watch?v=AbBUWNW__lY,https://i.ytimg.com/vi/AbBUWNW__lY/default.jpg,13-05-2021,14,14,FALSE,,30,6,2021,08:00:36
UgxrxMnjYthelaSkHXx4AaABAg,AbBUWNW__lY,,0,Joint pain after covid vaccine,Joint pain after covid vaccine,@luthoggy3368,2022-01-08 11:31:05+00:00,2022-01-08T11:31:05Z,3,0,English,anti,,Covid 19 vaccines of india Covishield and Covaxin  list of possible side effects #TrustTheExperts,https://www.youtube.com/watch?v=AbBUWNW__lY,https://i.ytimg.com/vi/AbBUWNW__lY/default.jpg,13-05-2021,5,5,FALSE,,8,1,2022,11:31:05
Ugwd7B5LfIj50KJ4mgN4AaABAg,AbBUWNW__lY,,0,Thanku so much sir. I cleared my all doubts ... Really your lecture of vaccine is very nice for me and I easily understood your English.... 👍👍,Thanku so much sir. I cleared my all doubts . Really your lecture of vaccine is very nice for me and I easily understood your English.,@gurjeetvirk4882,2021-08-07 02:51:43+00:00,2021-08-07T02:51:43Z,20,0,English,pro,,Covid 19 vaccines of india Covishield and Covaxin  list of possible side effects #TrustTheExperts,https://www.youtube.com/watch?v=AbBUWNW__lY,https://i.ytimg.com/vi/AbBUWNW__lY/default.jpg,13-05-2021,27,26,FALSE,,7,8,2021,02:51:43
UgzKS_0BO3X5zvfFk5d4AaABAg,AbBUWNW__lY,,0,I have sevier pain in my leg after Covishield vaccine 😭,I have sevier pain in my leg after Covishield vaccine,@jisnasree3023,2021-09-15 17:02:55+00:00,2021-09-15T17:02:55Z,6,0,English,anti,,Covid 19 vaccines of india Covishield and Covaxin  list of possible side effects #TrustTheExperts,https://www.youtube.com/watch?v=AbBUWNW__lY,https://i.ytimg.com/vi/AbBUWNW__lY/default.jpg,13-05-2021,11,10,FALSE,,15,9,2021,17:02:55
Ugwxyv6C9yhg7X82raR4AaABAg,AbBUWNW__lY,,0,Thank you doc for the message yu gave us its really useful,Thank you doc for the message yu gave us its really useful,@gulabi8962,2021-12-23 09:41:59+00:00,2021-12-23T09:41:59Z,1,0,English,neutral,,Covid 19 vaccines of india Covishield and Covaxin  list of possible side effects #TrustTheExperts,https://www.youtube.com/watch?v=AbBUWNW__lY,https://i.ytimg.com/vi/AbBUWNW__lY/default.jpg,13-05-2021,12,12,FALSE,,23,12,2021,09:41:59
UgygmDB8fL_sCdHcPlV4AaABAg,AbBUWNW__lY,,0,Thank you so much sir for enlightening us 🙏,Thank you so much sir for enlightening us,@93shreelakshmihs,2021-05-28 15:32:24+00:00,2021-05-28T15:32:24Z,34,0,English,neutral,,Covid 19 vaccines of india Covishield and Covaxin  list of possible side effects #TrustTheExperts,https://www.youtube.com/watch?v=AbBUWNW__lY,https://i.ytimg.com/vi/AbBUWNW__lY/default.jpg,13-05-2021,9,8,FALSE,,28,5,2021,15:32:24
UgztfL0R39MRnGrNeut4AaABAg,AbBUWNW__lY,,0,Thanks for your very useful information 😊,Thanks for your very useful information,@juhijha7990,2021-09-03 01:50:39+00:00,2021-09-03T01:50:57Z,2,0,English,neutral,,Covid 19 vaccines of india Covishield and Covaxin  list of possible side effects #TrustTheExperts,https://www.youtube.com/watch?v=AbBUWNW__lY,https://i.ytimg.com/vi/AbBUWNW__lY/default.jpg,13-05-2021,7,6,FALSE,,3,9,2021,01:50:39
Ugyw0RigxuPvVsN_rVF4AaABAg,AbBUWNW__lY,,0,Thanks for the information.,Thanks for the information.,@rohanrajkhowa2548,2021-06-05 03:35:17+00:00,2021-06-05T03:35:17Z,0,0,English,neutral,,Covid 19 vaccines of india Covishield and Covaxin  list of possible side effects #TrustTheExperts,https://www.youtube.com/watch?v=AbBUWNW__lY,https://i.ytimg.com/vi/AbBUWNW__lY/default.jpg,13-05-2021,4,4,FALSE,,5,6,2021,03:35:17
UgzDldE2zhsDhb5DwJR4AaABAg,AbBUWNW__lY,,0,"Sir , after end of covid  Pls make a video on how covid vaccines tastes 😂","Sir , after end of covid Pls make a video on how covid vaccines tastes",@ullassasvihallimath9161,2021-06-09 16:50:39+00:00,2021-06-09T16:50:39Z,4,1,English,neutral,,Covid 19 vaccines of india Covishield and Covaxin  list of possible side effects #TrustTheExperts,https://www.youtube.com/watch?v=AbBUWNW__lY,https://i.ytimg.com/vi/AbBUWNW__lY/default.jpg,13-05-2021,16,15,FALSE,,9,6,2021,16:50:39
Ugx0ps4P40xGpXlA8XZ4AaABAg,AbBUWNW__lY,,0,Thanks you sir.. For this Valuable information.,Thanks you sir. For this Valuable information.,@daystarmiles,2021-05-13 12:44:40+00:00,2021-05-13T12:44:40Z,5,0,English,neutral,,Covid 19 vaccines of india Covishield and Covaxin  list of possible side effects #TrustTheExperts,https://www.youtube.com/watch?v=AbBUWNW__lY,https://i.ytimg.com/vi/AbBUWNW__lY/default.jpg,13-05-2021,7,7,FALSE,,13,5,2021,12:44:40
UgyimIThRrEW9IWZQBF4AaABAg,AbBUWNW__lY,,0,"Finally ,I got the answer of all questions which I were thinking about covid- 19 vaccine 👍 Thank you","Finally ,I got the answer of all questions which I were thinking about covid- 19 vaccine Thank you",@Aapka_pariwar,2021-07-28 11:26:19+00:00,2021-07-28T14:14:44Z,14,1,English,neutral,,Covid 19 vaccines of india Covishield and Covaxin  list of possible side effects #TrustTheExperts,https://www.youtube.com/watch?v=AbBUWNW__lY,https://i.ytimg.com/vi/AbBUWNW__lY/default.jpg,13-05-2021,19,18,FALSE,,28,7,2021,11:26:19
UgxURARkcviC1a_QRLx4AaABAg,AbBUWNW__lY,,0,Dougter I mean hight development is stopped for the vaccine takes?,Doctor I mean height development is stopped for the vaccine takes?,@Devananda.k3498,2022-01-16 08:23:33+00:00,2022-01-16T08:23:33Z,1,0,English,neutral,,Covid 19 vaccines of india Covishield and Covaxin  list of possible side effects #TrustTheExperts,https://www.youtube.com/watch?v=AbBUWNW__lY,https://i.ytimg.com/vi/AbBUWNW__lY/default.jpg,13-05-2021,11,11,FALSE,,16,1,2022,08:23:33
Ugxtv5O_HS0TB2ta1Th4AaABAg,AbBUWNW__lY,,0,"I'm having cold and cough and  I'm 15 yrs old, should i take vaccine??  Pls.. reply me dr.","I'm having cold and cough and I'm 15 yrs old, should i take vaccine? Pls. reply me dr.",@teamzenithpdkvverse,2022-01-05 17:01:51+00:00,2022-01-05T17:02:01Z,2,0,English,neutral,,Covid 19 vaccines of india Covishield and Covaxin  list of possible side effects #TrustTheExperts,https://www.youtube.com/watch?v=AbBUWNW__lY,https://i.ytimg.com/vi/AbBUWNW__lY/default.jpg,13-05-2021,18,18,FALSE,,5,1,2022,17:01:51
UgwZdwkZodUhAE-tXX54AaABAg,AbBUWNW__lY,,0,"I don’t know why i am so afraid of getting any vaccine.. extremely anxious and scared 😔😒 i have diabetes, hypertension, thyroid and certain heart related issues .. I don’t know what to do ? 😔😔😞","I don t know why i am so afraid of getting any vaccine. extremely anxious and scared i have diabetes, hypertension, thyroid and certain heart related issues . I don t know what to do ?",@LateButDangerous,2021-05-26 20:42:00+00:00,2021-05-26T20:42:00Z,11,4,English,neutral,,Covid 19 vaccines of india Covishield and Covaxin  list of possible side effects #TrustTheExperts,https://www.youtube.com/watch?v=AbBUWNW__lY,https://i.ytimg.com/vi/AbBUWNW__lY/default.jpg,13-05-2021,36,36,FALSE,,26,5,2021,20:42:00
UgwLIhN0oR5D7JwmEON4AaABAg,AbBUWNW__lY,,0,I got Covaxin at school yesterday and now I'm feeling dizziness.,I got Covaxin at school yesterday and now I'm feeling dizziness.,@An_ony_mous,2022-01-07 13:28:36+00:00,2022-01-07T13:28:36Z,3,3,English,anti,,Covid 19 vaccines of india Covishield and Covaxin  list of possible side effects #TrustTheExperts,https://www.youtube.com/watch?v=AbBUWNW__lY,https://i.ytimg.com/vi/AbBUWNW__lY/default.jpg,13-05-2021,11,11,FALSE,,7,1,2022,13:28:36
UgwnUoOS3tvGlr79Rbx4AaABAg,AbBUWNW__lY,,0,Anyone here experiencing eye pain after vaccine?,Anyone here experiencing eye pain after vaccine?,@luc1503,2021-09-15 23:04:53+00:00,2021-09-15T23:04:53Z,1,0,English,anti,,Covid 19 vaccines of india Covishield and Covaxin  list of possible side effects #TrustTheExperts,https://www.youtube.com/watch?v=AbBUWNW__lY,https://i.ytimg.com/vi/AbBUWNW__lY/default.jpg,13-05-2021,7,7,FALSE,,15,9,2021,23:04:53
Ugyp5zNAbrR6aVtx20V4AaABAg,AbBUWNW__lY,,0,Thank u sir for the info...  Please also guide can epilepsy patients take vaccine and which one should be taken... Covidshield or covaxin???,Thank u sir for the info. Please also guide can epilepsy patients take vaccine and which one should be taken. Covidshield or covaxin?,@deepti12347,2021-11-12 17:36:27+00:00,2021-11-12T17:36:27Z,0,0,English,pro,,Covid 19 vaccines of india Covishield and Covaxin  list of possible side effects #TrustTheExperts,https://www.youtube.com/watch?v=AbBUWNW__lY,https://i.ytimg.com/vi/AbBUWNW__lY/default.jpg,13-05-2021,23,23,FALSE,,12,11,2021,17:36:27
UgyC9UAb3XsrBf4Vmz14AaABAg,AbBUWNW__lY,,0,"I haven't been sick in 3 years, I haven't had even a cold. I took the vaccine yesterday and I don't have any other symptoms than arm pain but god is the arm pain giving me a tough time. It's the second day and I can barely move it. Sleeping is painful too. I'm half laughing half crying.  I woke up really cold, my teeth chattered like no tomorrow but it passed after I drank tea. I wish the pain in my arm would tail off too. Unpleasant :((","I haven't been sick in 3 years, I haven't had even a cold. I took the vaccine yesterday and I don't have any other symptoms than arm pain but god is the arm pain giving me a tough time. It's the second day and I can barely move it. Sleeping is painful too. I'm half laughing half crying. I woke up really cold, my teeth chattered like no tomorrow but it passed after I drank tea. I wish the pain in my arm would tail off too. Unpleasant",@hanac5586,2021-07-16 18:30:55+00:00,2021-07-16T18:30:55Z,23,16,English,anti,,Covid 19 vaccines of india Covishield and Covaxin  list of possible side effects #TrustTheExperts,https://www.youtube.com/watch?v=AbBUWNW__lY,https://i.ytimg.com/vi/AbBUWNW__lY/default.jpg,13-05-2021,89,88,FALSE,,16,7,2021,18:30:55
UgxBY-aaUAGA3z8Mnxt4AaABAg,AbBUWNW__lY,,0,"Post my first dose of covaxin in May, exactly 4 days after, i started experiencing heart palpitations and shortness of breath. I have never had any such issues my entire life and when consulted with multiple Doctors, none of them could correlate this with the vaccine. I got my ECG and Echo Dot tests done but nothing came in. After 10 days of going through this hell, it stopped itself. Its so unfortunate that even our medical practitioners have no clue what to do with these side effects. I just went for my 2nd dose, just keeping my fingers crossed this time.","Post my first dose of covaxin in May, exactly 4 days after, i started experiencing heart palpitations and shortness of breath. I have never had any such issues my entire life and when consulted with multiple Doctors, none of them could correlate this with the vaccine. I got my ECG and Echo Dot tests done but nothing came in. After 10 days of going through this hell, it stopped itself. Its so unfortunate that even our medical practitioners have no clue what to do with these side effects. I just went for my 2nd dose, just keeping my fingers crossed this time.",@karishmakhurana2752,2021-07-16 10:54:15+00:00,2021-07-16T10:54:15Z,15,33,English,anti,,Covid 19 vaccines of india Covishield and Covaxin  list of possible side effects #TrustTheExperts,https://www.youtube.com/watch?v=AbBUWNW__lY,https://i.ytimg.com/vi/AbBUWNW__lY/default.jpg,13-05-2021,102,102,FALSE,,16,7,2021,10:54:15
Ugxm0zWk4drBDgccr8h4AaABAg,AbBUWNW__lY,,0,"Though my sister and brother in law, took two doses of covishield, they got corono,now they are in home quarantine","Though my sister and brother in law, took two doses of covishield, they got corono,now they are in home quarantine",@madhusudhanadevi1276,2021-06-09 17:16:23+00:00,2021-06-09T17:16:23Z,24,23,English,anti,,Covid 19 vaccines of india Covishield and Covaxin  list of possible side effects #TrustTheExperts,https://www.youtube.com/watch?v=AbBUWNW__lY,https://i.ytimg.com/vi/AbBUWNW__lY/default.jpg,13-05-2021,20,20,FALSE,,9,6,2021,17:16:23
UgzjbSoIE_6vhbFhWM54AaABAg,AbBUWNW__lY,,0,good information and good explanation,good information and good explanation,@purpletoonz6643,2021-06-27 06:10:03+00:00,2021-06-27T06:10:03Z,2,0,English,neutral,,Covid 19 vaccines of india Covishield and Covaxin  list of possible side effects #TrustTheExperts,https://www.youtube.com/watch?v=AbBUWNW__lY,https://i.ytimg.com/vi/AbBUWNW__lY/default.jpg,13-05-2021,5,5,FALSE,,27,6,2021,06:10:03
UgxyPaFlKWX0naZax5R4AaABAg,AbBUWNW__lY,,0,Thanks for the video,Thanks for the video,@cityofjoy8830,2021-06-07 01:08:48+00:00,2021-06-07T01:08:48Z,0,0,English,neutral,,Covid 19 vaccines of india Covishield and Covaxin  list of possible side effects #TrustTheExperts,https://www.youtube.com/watch?v=AbBUWNW__lY,https://i.ytimg.com/vi/AbBUWNW__lY/default.jpg,13-05-2021,4,4,FALSE,,7,6,2021,01:08:48
UgyZ-lOywnENadz1fMh4AaABAg,AbBUWNW__lY,,0,My left side chest is paining.. After covishled vaccine I take it on 28june nd  today is  2nd july .. Wht to do .. Anyone plz tell me...,My left side chest is paining. After covishled vaccine I take it on 28june nd today is 2nd july . Wht to do . Anyone plz tell me.,@Anshusehraw0t5,2021-07-02 17:06:57+00:00,2021-07-02T17:31:08Z,7,2,English,anti,,Covid 19 vaccines of india Covishield and Covaxin  list of possible side effects #TrustTheExperts,https://www.youtube.com/watch?v=AbBUWNW__lY,https://i.ytimg.com/vi/AbBUWNW__lY/default.jpg,13-05-2021,28,28,FALSE,,2,7,2021,17:06:57
Ugw2ftwbYaXz8Fng8aF4AaABAg,AbBUWNW__lY,,0,After taking covishield vaccine i got pain in the injection side and cough,After taking covishield vaccine i got pain in the injection side and cough,@arindamchanda7476,2021-05-20 03:17:55+00:00,2021-05-20T03:17:55Z,4,0,English,anti,,Covid 19 vaccines of india Covishield and Covaxin  list of possible side effects #TrustTheExperts,https://www.youtube.com/watch?v=AbBUWNW__lY,https://i.ytimg.com/vi/AbBUWNW__lY/default.jpg,13-05-2021,13,13,FALSE,,20,5,2021,03:17:55
UgxKRvhuJVS0PVhvpmB4AaABAg,AbBUWNW__lY,,0,I'm experiencing heartburn since I have got the covaxin shot.,I'm experiencing heartburn since I have got the covaxin shot.,@sarthakmehrishi7687,2022-01-08 15:46:05+00:00,2022-01-08T15:46:05Z,3,3,English,anti,,Covid 19 vaccines of india Covishield and Covaxin  list of possible side effects #TrustTheExperts,https://www.youtube.com/watch?v=AbBUWNW__lY,https://i.ytimg.com/vi/AbBUWNW__lY/default.jpg,13-05-2021,10,10,FALSE,,8,1,2022,15:46:05
UgxT1dUU_1WN2L91iY14AaABAg,AbBUWNW__lY,,0,I'm suffering from headache and high fever after vaccination,I'm suffering from headache and high fever after vaccination,@BhaktiTvOffical,2021-06-29 02:32:33+00:00,2021-06-29T02:32:33Z,2,0,English,anti,,Covid 19 vaccines of india Covishield and Covaxin  list of possible side effects #TrustTheExperts,https://www.youtube.com/watch?v=AbBUWNW__lY,https://i.ytimg.com/vi/AbBUWNW__lY/default.jpg,13-05-2021,9,9,FALSE,,29,6,2021,02:32:33
UgzBj6KYtt2nb4DWzQh4AaABAg,AbBUWNW__lY,,0,Sir if people have autoimmune disease what we can do??,Sir if people have autoimmune disease what we can do?,@crazy_hands659,2022-01-05 09:06:27+00:00,2022-01-05T09:06:27Z,2,0,English,neutral,,Covid 19 vaccines of india Covishield and Covaxin  list of possible side effects #TrustTheExperts,https://www.youtube.com/watch?v=AbBUWNW__lY,https://i.ytimg.com/vi/AbBUWNW__lY/default.jpg,13-05-2021,10,10,FALSE,,5,1,2022,09:06:27
Ugx6Pc2fEEquWQ66q9l4AaABAg,AbBUWNW__lY,,0,"Got my 1st dose yesterday . I'm having bodyaches,and slight fever .","Got my 1st dose yesterday . I'm having bodyaches,and slight fever .",@greensquirrel4019,2021-06-07 15:27:22+00:00,2021-06-07T15:27:22Z,8,7,English,anti,,Covid 19 vaccines of india Covishield and Covaxin  list of possible side effects #TrustTheExperts,https://www.youtube.com/watch?v=AbBUWNW__lY,https://i.ytimg.com/vi/AbBUWNW__lY/default.jpg,13-05-2021,12,12,FALSE,,7,6,2021,15:27:22
UgyW3UC8f1W7L-8o58F4AaABAg,AbBUWNW__lY,,0,"Sir,I took second vaccine  covishield.after twenty days,i suffering a mild headache.","Sir,I took second vaccine covishield.after twenty days,i suffering a mild headache.",@manjannam764,2021-05-27 08:30:47+00:00,2021-05-27T08:30:47Z,11,1,English,anti,,Covid 19 vaccines of india Covishield and Covaxin  list of possible side effects #TrustTheExperts,https://www.youtube.com/watch?v=AbBUWNW__lY,https://i.ytimg.com/vi/AbBUWNW__lY/default.jpg,13-05-2021,11,11,FALSE,,27,5,2021,08:30:47
Ugx-ldgHaku_CFpvh494AaABAg,AbBUWNW__lY,,0,"Hi Dr, what can be the side effects on a heart patient (my dad)& who takes brain meds for sleeping & has thyroid (my mom). I’m afraid if it harms them after taking vaccine. Thanks u for ur time..","Hi Dr, what can be the side effects on a heart patient my dad who takes brain meds for sleeping has thyroid my mom . I m afraid if it harms them after taking vaccine. Thanks u for ur time.",@VirenderSingh-rw8vp,2021-07-23 01:38:34+00:00,2021-07-23T01:38:34Z,13,0,English,neutral,,Covid 19 vaccines of india Covishield and Covaxin  list of possible side effects #TrustTheExperts,https://www.youtube.com/watch?v=AbBUWNW__lY,https://i.ytimg.com/vi/AbBUWNW__lY/default.jpg,13-05-2021,39,40,FALSE,,23,7,2021,01:38:34
Ugz9o0BObRHWTWsL-uR4AaABAg,AKgaum4iN3g,,0,इसकी किसी ने भी जिम्मेदारी नहीं ली। सरकार ने सर्वे तक नहीं करवाया और न ही आने वाले किसी समस्या का रजिस्ट्रेशन करवाया।,इसक क स न भ ज म म द र नह ल सरक र न सर व तक नह करव य और न ह आन व ल क स समस य क रज स ट र शन करव य,@skmanikpuri5379,2026-03-12 06:43:58+00:00,2026-03-12T06:43:58Z,109,0,Hindi,anti,,"Covid Vaccine के Side Effects पर बड़ी रिसर्च, सरकार पर भी उठ रहे सवाल",https://www.youtube.com/watch?v=AKgaum4iN3g,https://i.ytimg.com/vi/AKgaum4iN3g/default.jpg,09-09-2024,23,39,FALSE,,12,3,2026,06:43:58
UgwM1QKSvB8X4Z43HmB4AaABAg,AKgaum4iN3g,,0,परिवार को लगता है का क्या मतलब है ?  साइड इफेक्ट्स है क्योंकि इसका ट्रायल हुआ नहीं और वैक्सीन सभी को जबरदस्त लगवाई गई,पर व र क लगत ह क क य मतलब ह ? स इड इफ क ट स ह क य क इसक ट र यल ह आ नह और व क स न सभ क जबरदस त लगव ई गई,@akhileshsharma2228,2026-02-28 06:15:02+00:00,2026-02-28T06:15:02Z,389,10,Hindi,anti,,"Covid Vaccine के Side Effects पर बड़ी रिसर्च, सरकार पर भी उठ रहे सवाल",https://www.youtube.com/watch?v=AKgaum4iN3g,https://i.ytimg.com/vi/AKgaum4iN3g/default.jpg,09-09-2024,24,41,FALSE,,28,2,2026,06:15:02
Ugx1yYjCvL0WQCd0FNd4AaABAg,AKgaum4iN3g,,0,मुझे भी बहोत परेशानी हो रही हैं vaccine ke vajese,म झ भ बह त पर श न ह रह ह vaccine ke vajese,@sr-ke9cw,2026-03-08 10:20:04+00:00,2026-03-08T10:20:04Z,121,3,Code mixed,neutral,,"Covid Vaccine के Side Effects पर बड़ी रिसर्च, सरकार पर भी उठ रहे सवाल",https://www.youtube.com/watch?v=AKgaum4iN3g,https://i.ytimg.com/vi/AKgaum4iN3g/default.jpg,09-09-2024,10,14,FALSE,,8,3,2026,10:20:04
Ugz7Wn8WSnxzVadprLF4AaABAg,AKgaum4iN3g,,0,"बात बिल्कुल सही कहा अपने,मुझे बीपी, चक्कर और हार्ट बीट की समस्या हो रही है","ब त ब ल क ल सह कह अपन ,म झ ब प , चक कर और ह र ट ब ट क समस य ह रह ह",@DipakPaul-s9l,2026-03-14 12:50:10+00:00,2026-03-14T12:50:10Z,24,0,Hindi,anti,,"Covid Vaccine के Side Effects पर बड़ी रिसर्च, सरकार पर भी उठ रहे सवाल",https://www.youtube.com/watch?v=AKgaum4iN3g,https://i.ytimg.com/vi/AKgaum4iN3g/default.jpg,09-09-2024,15,28,FALSE,,14,3,2026,12:50:10
Ugy2ifxcRJhx9kFLSrd4AaABAg,AKgaum4iN3g,,0,Corona vaccination ab tak ka desh mei sabse bada scam  aur  dhoka hai,Corona vaccination ab tak ka desh mei sabse bada scam aur dhoka hai,@vaibhavtiwari6046,2026-02-24 05:47:07+00:00,2026-02-24T05:47:07Z,58,0,Code mixed,anti,,"Covid Vaccine के Side Effects पर बड़ी रिसर्च, सरकार पर भी उठ रहे सवाल",https://www.youtube.com/watch?v=AKgaum4iN3g,https://i.ytimg.com/vi/AKgaum4iN3g/default.jpg,09-09-2024,13,13,FALSE,,24,2,2026,05:47:07
UgzN0xDP7FSBcLEk8td4AaABAg,AKgaum4iN3g,,0,Y modi naam ki dimak apne desh ko khaa raha h,Y modi naam ki dimak apne desh ko khaa raha h,@vijendrabhaioza7095,2026-02-11 19:50:21+00:00,2026-02-11T19:50:21Z,61,0,Code mixed,anti,,"Covid Vaccine के Side Effects पर बड़ी रिसर्च, सरकार पर भी उठ रहे सवाल",https://www.youtube.com/watch?v=AKgaum4iN3g,https://i.ytimg.com/vi/AKgaum4iN3g/default.jpg,09-09-2024,11,11,FALSE,,11,2,2026,19:50:21
UgwQyfa2KBGtkNOLjPd4AaABAg,AKgaum4iN3g,,0,Govt per case kerna padega jabardasti lagavayi thi govt,Govt per case kerna padega jabardasti lagavayi thi govt,@anuj_12,2026-01-11 16:58:37+00:00,2026-01-11T16:58:37Z,50,0,English,anti,,"Covid Vaccine के Side Effects पर बड़ी रिसर्च, सरकार पर भी उठ रहे सवाल",https://www.youtube.com/watch?v=AKgaum4iN3g,https://i.ytimg.com/vi/AKgaum4iN3g/default.jpg,09-09-2024,9,9,FALSE,,11,1,2026,16:58:37
Ugx-dEOlbr-nCZBnYHR4AaABAg,AKgaum4iN3g,,0,Sarkar ne jabarjasti lagwayi ab mujhe heart side pain hota h,Sarkar ne jabarjasti lagwayi ab mujhe heart side pain hota h,@akmotivation5282,2025-06-29 19:05:53+00:00,2025-06-29T19:05:53Z,108,31,Code mixed,anti,,"Covid Vaccine के Side Effects पर बड़ी रिसर्च, सरकार पर भी उठ रहे सवाल",https://www.youtube.com/watch?v=AKgaum4iN3g,https://i.ytimg.com/vi/AKgaum4iN3g/default.jpg,09-09-2024,11,11,FALSE,,29,6,2025,19:05:53
UgyeJufMI9MPPEcZ3Ll4AaABAg,AKgaum4iN3g,,0,Vaccine  gundagardi se government ne lagwai thi   mudy ki sazish desh ke middle class ko beemar karne  ki thi jo ki qamyab bhi hui.,Vaccine gundagardi se government ne lagwai thi mudy ki sazish desh ke middle class ko beemar karne ki thi jo ki qamyab bhi hui.,@shikhark3587,2024-09-09 08:10:29+00:00,2024-09-09T08:10:29Z,133,1,Code mixed,anti,,"Covid Vaccine के Side Effects पर बड़ी रिसर्च, सरकार पर भी उठ रहे सवाल",https://www.youtube.com/watch?v=AKgaum4iN3g,https://i.ytimg.com/vi/AKgaum4iN3g/default.jpg,09-09-2024,24,24,FALSE,,9,9,2024,08:10:29
UgzCIAEapEux3XeKZE94AaABAg,AKgaum4iN3g,,0,"ये बात एकदम सही है , मैं 39 का हूं और वैक्सीन के सेकंड डोज लगने के बाद से ही सांस जल्दी फूलने लगी है मैं 8 किमी रोज चल पाता था वो भी तेज स्पीड से लेकिन अब 200 मीटर तेज स्पीड से चलने के बाद एकदम थक जाता हूं और सीने में लगातार दर्द रहता है हार्ट बीट तेज रहती है , डर लगता है कि हार्ट का चेकअप करवाऊंगा तो रिपोर्ट देखकर मेरा डर और बढ़ जाएगा ! इसलिए जब तक जिंदा हूं तब तक अपने आपको दिलासा देता रहता हूं कि सब ठीक है ! 😢","य ब त एकदम सह ह , म 39 क ह और व क स न क स क ड ड ज लगन क ब द स ह स स जल द फ लन लग ह म 8 क म र ज चल प त थ व भ त ज स प ड स ल क न अब 200 म टर त ज स प ड स चलन क ब द एकदम थक ज त ह और स न म लग त र दर द रहत ह ह र ट ब ट त ज रहत ह , डर लगत ह क ह र ट क च कअप करव ऊ ग त र प र ट द खकर म र डर और बढ ज एग ! इसल ए जब तक ज द ह तब तक अपन आपक द ल स द त रहत ह क सब ठ क ह !",@legalviewyb,2026-03-09 15:51:04+00:00,2026-03-09T15:51:04Z,23,7,Hindi,anti,,"Covid Vaccine के Side Effects पर बड़ी रिसर्च, सरकार पर भी उठ रहे सवाल",https://www.youtube.com/watch?v=AKgaum4iN3g,https://i.ytimg.com/vi/AKgaum4iN3g/default.jpg,09-09-2024,100,149,FALSE,,9,3,2026,15:51:04
UgyxcI22Bh4KAS1tkwt4AaABAg,AKgaum4iN3g,,0,Ise modi ne pure desh ka khel kerva diya,Ise modi ne pure desh ka khel kerva diya,@anuj_12,2026-01-11 16:57:44+00:00,2026-01-11T16:57:44Z,26,0,Code mixed,neutral,,"Covid Vaccine के Side Effects पर बड़ी रिसर्च, सरकार पर भी उठ रहे सवाल",https://www.youtube.com/watch?v=AKgaum4iN3g,https://i.ytimg.com/vi/AKgaum4iN3g/default.jpg,09-09-2024,9,9,FALSE,,11,1,2026,16:57:44
UgydGOfdutCEnm4JllF4AaABAg,AKgaum4iN3g,,0,Maine ek v nhi lia tha 😂,Maine ek v nhi lia tha,@YogeshKumar-hd9if,2026-03-12 10:56:14+00:00,2026-03-12T10:56:14Z,8,0,Code mixed,anti,,"Covid Vaccine के Side Effects पर बड़ी रिसर्च, सरकार पर भी उठ रहे सवाल",https://www.youtube.com/watch?v=AKgaum4iN3g,https://i.ytimg.com/vi/AKgaum4iN3g/default.jpg,09-09-2024,7,6,FALSE,,12,3,2026,10:56:14
UgyF0K-IvqpM68UQuex4AaABAg,AKgaum4iN3g,,0,Marij ki bimari ko khatam karna ❌ Marij ko hi khatam karna ✅,Marij ki bimari ko khatam karna Marij ko hi khatam karna,@officialboy2452,2025-10-05 06:14:40+00:00,2025-10-05T06:14:40Z,16,0,Code mixed,anti,,"Covid Vaccine के Side Effects पर बड़ी रिसर्च, सरकार पर भी उठ रहे सवाल",https://www.youtube.com/watch?v=AKgaum4iN3g,https://i.ytimg.com/vi/AKgaum4iN3g/default.jpg,09-09-2024,13,11,FALSE,,5,10,2025,06:14:40
Ugw5gZaeIy_iQsaKYm54AaABAg,AKgaum4iN3g,,0,Vaccine lagane ke bad mujhe aisa mahsus hota hai ki main Buddha Ho Gaya Hun,Vaccine lagane ke bad mujhe aisa mahsus hota hai ki main Buddha Ho Gaya Hun,@ParmnaryanPatidar,2026-03-09 15:17:36+00:00,2026-03-09T15:17:36Z,9,0,Code mixed,anti,,"Covid Vaccine के Side Effects पर बड़ी रिसर्च, सरकार पर भी उठ रहे सवाल",https://www.youtube.com/watch?v=AKgaum4iN3g,https://i.ytimg.com/vi/AKgaum4iN3g/default.jpg,09-09-2024,15,15,FALSE,,9,3,2026,15:17:36
UgyZanilWHVbrxAIqK54AaABAg,AKgaum4iN3g,,0,Modi Barbad kardiya india ko,Modi Barbad kardiya india ko,@riyazahmed2623,2026-01-09 09:26:16+00:00,2026-01-09T09:26:16Z,31,1,Code mixed,neutral,,"Covid Vaccine के Side Effects पर बड़ी रिसर्च, सरकार पर भी उठ रहे सवाल",https://www.youtube.com/watch?v=AKgaum4iN3g,https://i.ytimg.com/vi/AKgaum4iN3g/default.jpg,09-09-2024,5,5,FALSE,,9,1,2026,09:26:16
Ugw6lcCcK-jPlgkgMNN4AaABAg,AKgaum4iN3g,,0,"Heart issues,  diabetic issues or joint issues sabse jada hai","Heart issues, diabetic issues or joint issues sabse jada hai",@susantadas8392,2026-02-10 17:24:36+00:00,2026-02-10T17:24:36Z,9,0,Code mixed,neutral,,"Covid Vaccine के Side Effects पर बड़ी रिसर्च, सरकार पर भी उठ रहे सवाल",https://www.youtube.com/watch?v=AKgaum4iN3g,https://i.ytimg.com/vi/AKgaum4iN3g/default.jpg,09-09-2024,10,10,FALSE,,10,2,2026,17:24:36
UgzLVkPdf11-QvuZxtx4AaABAg,AKgaum4iN3g,,0,Aree yar meri mother ko b blood clot ban rhy brain mn yeah kia sazish ab samne a rhi 🤷🏻‍♀️,Aree yar meri mother ko b blood clot ban rhy brain mn yeah kia sazish ab samne a rhi,@Dilawaiz-u4d,2026-02-23 00:18:55+00:00,2026-02-23T00:18:55Z,7,0,Code mixed,anti,,"Covid Vaccine के Side Effects पर बड़ी रिसर्च, सरकार पर भी उठ रहे सवाल",https://www.youtube.com/watch?v=AKgaum4iN3g,https://i.ytimg.com/vi/AKgaum4iN3g/default.jpg,09-09-2024,20,19,FALSE,,23,2,2026,00:18:55
Ugytf8yhagKsrskv-Dt4AaABAg,AKgaum4iN3g,,0,Sarkar ne jabrdasti vaccine lagwai hi,Sarkar ne jabrdasti vaccine lagwai hi,@vikramsinghrana4816,2025-06-28 18:07:02+00:00,2025-06-28T18:07:02Z,16,0,Code mixed,anti,,"Covid Vaccine के Side Effects पर बड़ी रिसर्च, सरकार पर भी उठ रहे सवाल",https://www.youtube.com/watch?v=AKgaum4iN3g,https://i.ytimg.com/vi/AKgaum4iN3g/default.jpg,09-09-2024,6,6,FALSE,,28,6,2025,18:07:02
UgxevBUkw9W1z-Er9414AaABAg,AKgaum4iN3g,,0,Hame bhi problem hai 😢😢,Hame bhi problem hai,@Specialchannel2.0,2026-03-18 06:44:51+00:00,2026-03-18T06:44:51Z,4,0,Code mixed,anti,,"Covid Vaccine के Side Effects पर बड़ी रिसर्च, सरकार पर भी उठ रहे सवाल",https://www.youtube.com/watch?v=AKgaum4iN3g,https://i.ytimg.com/vi/AKgaum4iN3g/default.jpg,09-09-2024,5,4,FALSE,,18,3,2026,06:44:51
Ugww5PbcO-OpsLaRzKV4AaABAg,AKgaum4iN3g,,0,इसके ऊपर कुछ उपाय बताए ओर जनता को बचाएं,इसक ऊपर क छ उप य बत ए ओर जनत क बच ए,@paragchaudhari9039,2025-09-07 12:58:53+00:00,2025-09-07T12:58:53Z,17,2,Hindi,neutral,,"Covid Vaccine के Side Effects पर बड़ी रिसर्च, सरकार पर भी उठ रहे सवाल",https://www.youtube.com/watch?v=AKgaum4iN3g,https://i.ytimg.com/vi/AKgaum4iN3g/default.jpg,09-09-2024,9,13,FALSE,,7,9,2025,12:58:53
UgxAjq3t32ihTPlJSG54AaABAg,AKgaum4iN3g,,0,Heart ateck aa rahe kisi ko bhi 😢😢😢😢😢😢,Heart ateck aa rahe kisi ko bhi,@Vijay_laxmi_14,2026-03-18 05:00:29+00:00,2026-03-18T05:00:29Z,3,0,Code mixed,neutral,,"Covid Vaccine के Side Effects पर बड़ी रिसर्च, सरकार पर भी उठ रहे सवाल",https://www.youtube.com/watch?v=AKgaum4iN3g,https://i.ytimg.com/vi/AKgaum4iN3g/default.jpg,09-09-2024,8,7,FALSE,,18,3,2026,05:00:29
Ugyw2BrWsalyVMez_Ql4AaABAg,AKgaum4iN3g,,0,Same issue with dad heart beat High and BP low  very critical condition 😢,Same issue with dad heart beat High and BP low very critical condition,@vlogrishirajlovers1731,2026-03-07 16:31:08+00:00,2026-03-07T16:31:08Z,6,0,English,anti,,"Covid Vaccine के Side Effects पर बड़ी रिसर्च, सरकार पर भी उठ रहे सवाल",https://www.youtube.com/watch?v=AKgaum4iN3g,https://i.ytimg.com/vi/AKgaum4iN3g/default.jpg,09-09-2024,14,13,FALSE,,7,3,2026,16:31:08
Ugy5Pzh5fImeAd3kcDt4AaABAg,AKgaum4iN3g,,0,सरकार इसके लिए जिम्मेदार है,सरक र इसक ल ए ज म म द र ह,@MadhukarMohod-g6o,2026-03-30 03:24:12+00:00,2026-03-30T03:24:12Z,3,0,Hindi,anti,,"Covid Vaccine के Side Effects पर बड़ी रिसर्च, सरकार पर भी उठ रहे सवाल",https://www.youtube.com/watch?v=AKgaum4iN3g,https://i.ytimg.com/vi/AKgaum4iN3g/default.jpg,09-09-2024,5,11,FALSE,,30,3,2026,03:24:12
UgyBhm_CK-y1Lr2DlDt4AaABAg,AKgaum4iN3g,,0,कोविड वैक्सीन से बहुत बड़ा लोगो पर   दुष्परिणाम हो गया है,क व ड व क स न स बह त बड ल ग पर द ष पर ण म ह गय ह,@sanghmitradadaso30,2026-03-19 22:31:28+00:00,2026-03-19T22:31:28Z,48,0,Hindi,neutral,,"Covid Vaccine के Side Effects पर बड़ी रिसर्च, सरकार पर भी उठ रहे सवाल",https://www.youtube.com/watch?v=AKgaum4iN3g,https://i.ytimg.com/vi/AKgaum4iN3g/default.jpg,09-09-2024,11,22,FALSE,,19,3,2026,22:31:28
UgyUKZ-vPAI-m27cjip4AaABAg,AKgaum4iN3g,,0,जिनोने बुस्टर 3 रा डोस लिया वो सब लोग हार्ट अटॅक से मर गये 😰क्या सरकार ने ये मामलो की जांच करेगी?? क्या यह पॉपुलशन कम करने के लिये किया गया? जो गये उस मे ज्यादा 25-45 age ग्रुप मे मरणे वाले थे इस का जिम्मेदार कौन???,ज न न ब स टर 3 र ड स ल य व सब ल ग ह र ट अट क स मर गय क य सरक र न य म मल क ज च कर ग ? क य यह प प लशन कम करन क ल य क य गय ? ज गय उस म ज य द 25-45 age ग र प म मरण व ल थ इस क ज म म द र क न?,@prashantbhanse,2025-06-30 17:08:39+00:00,2025-06-30T17:08:39Z,21,3,Hindi,anti,,"Covid Vaccine के Side Effects पर बड़ी रिसर्च, सरकार पर भी उठ रहे सवाल",https://www.youtube.com/watch?v=AKgaum4iN3g,https://i.ytimg.com/vi/AKgaum4iN3g/default.jpg,09-09-2024,47,79,FALSE,,30,6,2025,17:08:39
UgyYQZJNhf8yPulRmvV4AaABAg,AKgaum4iN3g,,0,Mere vo heart main pain hota hain,Mere vo heart main pain hota hain,@adisaha492,2025-08-21 18:22:22+00:00,2025-08-21T18:22:22Z,9,0,Code mixed,anti,,"Covid Vaccine के Side Effects पर बड़ी रिसर्च, सरकार पर भी उठ रहे सवाल",https://www.youtube.com/watch?v=AKgaum4iN3g,https://i.ytimg.com/vi/AKgaum4iN3g/default.jpg,09-09-2024,7,7,FALSE,,21,8,2025,18:22:22
Ugz0VCstluX3URLx7VJ4AaABAg,AKgaum4iN3g,,0,मैंने तो कोई इंजेक्शन नही लिया 😅😅😅,म न त क ई इ ज क शन नह ल य,@moinansari880,2026-03-12 14:00:09+00:00,2026-03-12T14:00:09Z,3,0,Hindi,anti,,"Covid Vaccine के Side Effects पर बड़ी रिसर्च, सरकार पर भी उठ रहे सवाल",https://www.youtube.com/watch?v=AKgaum4iN3g,https://i.ytimg.com/vi/AKgaum4iN3g/default.jpg,09-09-2024,7,12,FALSE,,12,3,2026,14:00:09
UgyFvTYnlBHwp0Pff3d4AaABAg,yqGS3yIoz5I,,0,At first I thought covaxin was the 1st dose vaccine and covishield was the second dose vaccine😅😅,At first I thought covaxin was the 1st dose vaccine and covishield was the second dose vaccine,@krishik2084,2022-01-10 08:38:09+00:00,2022-01-10T08:38:09Z,8,0,English,neutral,,Covishield Vs Covaxin: Similarities And Differences Between India's Covid Vaccines | Explained IT,https://www.youtube.com/watch?v=yqGS3yIoz5I,https://i.ytimg.com/vi/yqGS3yIoz5I/default.jpg,06-03-2021,17,17,FALSE,,10,1,2022,08:38:09
UgyJOipqOPEktrtbLEZ4AaABAg,yqGS3yIoz5I,,0,Both are good ..Bhilog vacine mil gaya e hi kafii hain... 🙏🙏🙏Hope sab ko jaldi jaldi vacine mil jaya e hi dua karta hu .. 🙏🙏🙏,Both are good .Bhilog vacine mil gaya e hi kafii hain. Hope sab ko jaldi jaldi vacine mil jaya e hi dua karta hu .,@pradipmaity7986,2021-07-30 08:21:37+00:00,2021-07-30T08:21:37Z,5,0,Code mixed,pro,,Covishield Vs Covaxin: Similarities And Differences Between India's Covid Vaccines | Explained IT,https://www.youtube.com/watch?v=yqGS3yIoz5I,https://i.ytimg.com/vi/yqGS3yIoz5I/default.jpg,06-03-2021,26,25,FALSE,,30,7,2021,08:21:37
Ugy4a3N1SmhfM9BKabZ4AaABAg,yqGS3yIoz5I,,0,Thanks a lot for valuable information.,Thanks a lot for valuable information.,@rajeshindupalli9642,2021-04-28 14:10:09+00:00,2021-04-28T14:10:09Z,3,0,English,neutral,,Covishield Vs Covaxin: Similarities And Differences Between India's Covid Vaccines | Explained IT,https://www.youtube.com/watch?v=yqGS3yIoz5I,https://i.ytimg.com/vi/yqGS3yIoz5I/default.jpg,06-03-2021,6,6,FALSE,,28,4,2021,14:10:09
UgwpMy63BgmGLOlc9X14AaABAg,yqGS3yIoz5I,,0,Just had COVISHIELD shot too. Everything’s ok ✅,Just had COVISHIELD shot too. Everything s ok,@foreigner_in_india,2021-10-28 14:31:03+00:00,2021-10-28T14:31:03Z,3,0,English,pro,,Covishield Vs Covaxin: Similarities And Differences Between India's Covid Vaccines | Explained IT,https://www.youtube.com/watch?v=yqGS3yIoz5I,https://i.ytimg.com/vi/yqGS3yIoz5I/default.jpg,06-03-2021,8,8,FALSE,,28,10,2021,14:31:03
UgzZe7wDjhjf9DEaWTN4AaABAg,yqGS3yIoz5I,,0,Thanks for the information,Thanks for the information,@DharmendraSingh-go9yl,2021-04-06 05:12:00+00:00,2021-04-06T05:12:00Z,1,0,English,neutral,,Covishield Vs Covaxin: Similarities And Differences Between India's Covid Vaccines | Explained IT,https://www.youtube.com/watch?v=yqGS3yIoz5I,https://i.ytimg.com/vi/yqGS3yIoz5I/default.jpg,06-03-2021,4,4,FALSE,,6,4,2021,05:12:00
UgzTsl_GOHhnhjMws9h4AaABAg,yqGS3yIoz5I,,0,Thanks for good info 🙏,Thanks for good info,@amithkumar4357,2021-05-11 04:46:55+00:00,2021-05-11T04:46:55Z,2,0,English,neutral,,Covishield Vs Covaxin: Similarities And Differences Between India's Covid Vaccines | Explained IT,https://www.youtube.com/watch?v=yqGS3yIoz5I,https://i.ytimg.com/vi/yqGS3yIoz5I/default.jpg,06-03-2021,5,4,FALSE,,11,5,2021,04:46:55
UgzYnGPo3950SrApUml4AaABAg,yqGS3yIoz5I,,0,Good information,Good information,@herivishwakarma8593,2021-06-06 07:02:52+00:00,2021-06-06T07:02:52Z,0,0,English,neutral,,Covishield Vs Covaxin: Similarities And Differences Between India's Covid Vaccines | Explained IT,https://www.youtube.com/watch?v=yqGS3yIoz5I,https://i.ytimg.com/vi/yqGS3yIoz5I/default.jpg,06-03-2021,2,2,TRUE,,6,6,2021,07:02:52
UgxcQh2Z8v4HJXwoLdR4AaABAg,yqGS3yIoz5I,,0,Nice explain,Nice explain,@Trendingsedits,2022-01-02 07:33:49+00:00,2022-01-02T07:33:49Z,0,0,English,neutral,,Covishield Vs Covaxin: Similarities And Differences Between India's Covid Vaccines | Explained IT,https://www.youtube.com/watch?v=yqGS3yIoz5I,https://i.ytimg.com/vi/yqGS3yIoz5I/default.jpg,06-03-2021,2,2,TRUE,,2,1,2022,07:33:49
UgwF9-MBFjsiRGpClr14AaABAg,yqGS3yIoz5I,,0,V good clarity in your communication. The message was delivered very clearly in understandable way. Thanku,V good clarity in your communication. The message was delivered very clearly in understandable way. Thanku,@ksudha9316,2021-03-28 08:10:54+00:00,2021-03-28T08:10:54Z,6,0,English,neutral,,Covishield Vs Covaxin: Similarities And Differences Between India's Covid Vaccines | Explained IT,https://www.youtube.com/watch?v=yqGS3yIoz5I,https://i.ytimg.com/vi/yqGS3yIoz5I/default.jpg,06-03-2021,16,16,FALSE,,28,3,2021,08:10:54
UgxOYsfv4Kl63BSM4_V4AaABAg,yqGS3yIoz5I,,0,My parents got double doses of covishield.  I got one shot.  No side effects.  Thanks comment section experts.,My parents got double doses of covishield. I got one shot. No side effects. Thanks comment section experts.,@ХареКришна-т7г,2021-05-24 10:56:30+00:00,2021-05-24T10:56:30Z,60,3,English,pro,,Covishield Vs Covaxin: Similarities And Differences Between India's Covid Vaccines | Explained IT,https://www.youtube.com/watch?v=yqGS3yIoz5I,https://i.ytimg.com/vi/yqGS3yIoz5I/default.jpg,06-03-2021,18,18,FALSE,,24,5,2021,10:56:30
UgxEw1OhW35RInOnIJx4AaABAg,yqGS3yIoz5I,,0,Thank you that is very crystal clear,Thank you that is very crystal clear,@shetsumongshetsumong2961,2021-04-29 07:31:59+00:00,2021-04-29T07:31:59Z,8,0,English,neutral,,Covishield Vs Covaxin: Similarities And Differences Between India's Covid Vaccines | Explained IT,https://www.youtube.com/watch?v=yqGS3yIoz5I,https://i.ytimg.com/vi/yqGS3yIoz5I/default.jpg,06-03-2021,7,7,FALSE,,29,4,2021,07:31:59
UgwvAcyMelvmdiZzpQx4AaABAg,yqGS3yIoz5I,,0,Please let the expert's give the difference not news anchors,Please let the expert's give the difference not news anchors,@nickhartnet4192,2021-03-06 06:59:22+00:00,2021-03-06T06:59:22Z,112,7,English,neutral,,Covishield Vs Covaxin: Similarities And Differences Between India's Covid Vaccines | Explained IT,https://www.youtube.com/watch?v=yqGS3yIoz5I,https://i.ytimg.com/vi/yqGS3yIoz5I/default.jpg,06-03-2021,10,10,FALSE,,6,3,2021,06:59:22
Ugzercq3_yFhb0vT9Mt4AaABAg,yqGS3yIoz5I,,0,Nice explaination maam.       Good job,Nice explaination maam. Good job,@nirajyadav4014,2021-03-16 15:45:37+00:00,2021-03-16T15:45:37Z,6,0,English,neutral,,Covishield Vs Covaxin: Similarities And Differences Between India's Covid Vaccines | Explained IT,https://www.youtube.com/watch?v=yqGS3yIoz5I,https://i.ytimg.com/vi/yqGS3yIoz5I/default.jpg,06-03-2021,5,5,FALSE,,16,3,2021,15:45:37
UgxOhGLjjiCkJ9GB1zt4AaABAg,yqGS3yIoz5I,,0,Well considering there is a surge again. It would seem both equally stuck.,Well considering there is a surge again. It would seem both equally stuck.,@GraniteInTheFace,2021-04-05 18:39:39+00:00,2021-04-05T18:39:39Z,0,0,English,neutral,,Covishield Vs Covaxin: Similarities And Differences Between India's Covid Vaccines | Explained IT,https://www.youtube.com/watch?v=yqGS3yIoz5I,https://i.ytimg.com/vi/yqGS3yIoz5I/default.jpg,06-03-2021,13,13,FALSE,,5,4,2021,18:39:39
UgwD5MEm8jCqF-jdSGF4AaABAg,yqGS3yIoz5I,,0,Thank you so much for give me this information...,Thank you so much for give me this information.,@abhichandra5251,2021-06-02 14:48:16+00:00,2021-06-02T14:48:16Z,2,0,English,neutral,,Covishield Vs Covaxin: Similarities And Differences Between India's Covid Vaccines | Explained IT,https://www.youtube.com/watch?v=yqGS3yIoz5I,https://i.ytimg.com/vi/yqGS3yIoz5I/default.jpg,06-03-2021,9,9,FALSE,,2,6,2021,14:48:16
Ugwqano5JGl4kHFyzFR4AaABAg,yqGS3yIoz5I,,0,Covaxin ❤️❤️,Covaxin,@goodwilldevelopers176,2021-05-29 06:40:42+00:00,2021-05-29T06:40:42Z,5,0,English,pro,,Covishield Vs Covaxin: Similarities And Differences Between India's Covid Vaccines | Explained IT,https://www.youtube.com/watch?v=yqGS3yIoz5I,https://i.ytimg.com/vi/yqGS3yIoz5I/default.jpg,06-03-2021,2,1,TRUE,,29,5,2021,06:40:42
UgwL8XXZtUHrqxzyLU94AaABAg,yqGS3yIoz5I,,0,"Thanks for the much needed information at this point of time...   I personally prefer ""COVAXIN"" over covishield",Thanks for the much needed information at this point of time. I personally prefer COVAXIN over covishield,@haroonabdulrahim8957,2021-04-13 07:35:39+00:00,2021-04-13T07:35:39Z,74,9,English,pro,,Covishield Vs Covaxin: Similarities And Differences Between India's Covid Vaccines | Explained IT,https://www.youtube.com/watch?v=yqGS3yIoz5I,https://i.ytimg.com/vi/yqGS3yIoz5I/default.jpg,06-03-2021,17,17,FALSE,,13,4,2021,07:35:39
UgweX43rN_Eu1nedxu54AaABAg,yqGS3yIoz5I,,0,Good explanation,Good explanation,@User360iskon,2021-03-23 06:03:40+00:00,2021-03-23T06:03:40Z,1,0,English,neutral,,Covishield Vs Covaxin: Similarities And Differences Between India's Covid Vaccines | Explained IT,https://www.youtube.com/watch?v=yqGS3yIoz5I,https://i.ytimg.com/vi/yqGS3yIoz5I/default.jpg,06-03-2021,2,2,TRUE,,23,3,2021,06:03:40
Ugx3bE1nANcQ3t8UZlJ4AaABAg,yqGS3yIoz5I,,0,Why we are getting hand pain,Why we are getting hand pain,@nehaghanate3077,2022-08-23 03:35:24+00:00,2022-08-23T03:35:24Z,0,0,English,neutral,,Covishield Vs Covaxin: Similarities And Differences Between India's Covid Vaccines | Explained IT,https://www.youtube.com/watch?v=yqGS3yIoz5I,https://i.ytimg.com/vi/yqGS3yIoz5I/default.jpg,06-03-2021,6,6,FALSE,,23,8,2022,03:35:24
UgzN4-i6-A85VoBByY54AaABAg,yqGS3yIoz5I,,0,Great vaccine,Great vaccine,@KhanBhai-yk4pj,2021-04-21 22:04:55+00:00,2021-04-21T22:04:55Z,2,0,English,pro,,Covishield Vs Covaxin: Similarities And Differences Between India's Covid Vaccines | Explained IT,https://www.youtube.com/watch?v=yqGS3yIoz5I,https://i.ytimg.com/vi/yqGS3yIoz5I/default.jpg,06-03-2021,2,2,TRUE,,21,4,2021,22:04:55
Ugy-iWv3-UBCkhCyLtl4AaABAg,yqGS3yIoz5I,,0,Which which elements consid by covishil vceecine,Which which elements consid by covishil vceecine,@satadalbala1143,2021-10-14 08:59:56+00:00,2021-10-14T08:59:56Z,0,0,English,neutral,,Covishield Vs Covaxin: Similarities And Differences Between India's Covid Vaccines | Explained IT,https://www.youtube.com/watch?v=yqGS3yIoz5I,https://i.ytimg.com/vi/yqGS3yIoz5I/default.jpg,06-03-2021,7,7,FALSE,,14,10,2021,08:59:56
UgyT6juK5Vw8VpiuVH54AaABAg,yqGS3yIoz5I,,0,1 st dose and 2 nd dose covaxin hum precaution dose corovax lai sakte hai kya,1 st dose and 2 nd dose covaxin hum precaution dose corovax lai sakte hai kya,@manasimohanty4674,2022-09-19 13:41:10+00:00,2022-09-19T13:41:10Z,0,0,Code mixed,neutral,,Covishield Vs Covaxin: Similarities And Differences Between India's Covid Vaccines | Explained IT,https://www.youtube.com/watch?v=yqGS3yIoz5I,https://i.ytimg.com/vi/yqGS3yIoz5I/default.jpg,06-03-2021,16,16,FALSE,,19,9,2022,13:41:10
UgxDI_sJEJBia_b_d_l4AaABAg,yqGS3yIoz5I,,0,I had taken covishiled,I had taken covishiled,@nehaghanate3077,2022-08-23 03:37:06+00:00,2022-08-23T03:37:06Z,0,0,English,pro,,Covishield Vs Covaxin: Similarities And Differences Between India's Covid Vaccines | Explained IT,https://www.youtube.com/watch?v=yqGS3yIoz5I,https://i.ytimg.com/vi/yqGS3yIoz5I/default.jpg,06-03-2021,4,4,FALSE,,23,8,2022,03:37:06
UgyRWNps_fmySEjeWk94AaABAg,yqGS3yIoz5I,,0,I take covaxin last week( 1st dose),I take covaxin last week 1st dose,@rojasfashiondiy6406,2021-05-31 14:32:48+00:00,2021-05-31T14:33:04Z,16,4,English,pro,,Covishield Vs Covaxin: Similarities And Differences Between India's Covid Vaccines | Explained IT,https://www.youtube.com/watch?v=yqGS3yIoz5I,https://i.ytimg.com/vi/yqGS3yIoz5I/default.jpg,06-03-2021,7,7,FALSE,,31,5,2021,14:32:48
UgzZswfp7WEeFg9ps6R4AaABAg,yqGS3yIoz5I,,0,What is different between green and blue colours of covishield vaccine?,What is different between green and blue colours of covishield vaccine?,@RMOM-mi2xg,2021-06-03 11:35:18+00:00,2021-06-03T11:35:18Z,1,0,English,neutral,,Covishield Vs Covaxin: Similarities And Differences Between India's Covid Vaccines | Explained IT,https://www.youtube.com/watch?v=yqGS3yIoz5I,https://i.ytimg.com/vi/yqGS3yIoz5I/default.jpg,06-03-2021,11,11,FALSE,,3,6,2021,11:35:18
Ugxm1cuvqvm_g-9WAct4AaABAg,yqGS3yIoz5I,,0,Thank you for the clear and precise explanation!,Thank you for the clear and precise explanation!,@olp6914,2021-05-21 03:38:26+00:00,2021-05-21T03:38:26Z,3,0,English,neutral,,Covishield Vs Covaxin: Similarities And Differences Between India's Covid Vaccines | Explained IT,https://www.youtube.com/watch?v=yqGS3yIoz5I,https://i.ytimg.com/vi/yqGS3yIoz5I/default.jpg,06-03-2021,8,8,FALSE,,21,5,2021,03:38:26
UgxcvbzC_zjgexCXHed4AaABAg,yqGS3yIoz5I,,0,Wait.. So it makes your immune response stronger and doesn't directly kill the covid virus.,Wait. So it makes your immune response stronger and doesn't directly kill the covid virus.,@everythingtechpro007,2021-06-07 05:34:54+00:00,2021-06-07T05:34:54Z,5,1,English,neutral,,Covishield Vs Covaxin: Similarities And Differences Between India's Covid Vaccines | Explained IT,https://www.youtube.com/watch?v=yqGS3yIoz5I,https://i.ytimg.com/vi/yqGS3yIoz5I/default.jpg,06-03-2021,15,15,FALSE,,7,6,2021,05:34:54
UgylqNFbquSbDDM_XKZ4AaABAg,yqGS3yIoz5I,,0,Covisheld is a Best vaccine 👍👍👌👌,Covisheld is a Best vaccine,@abhinavhkhandekarstd8throl278,2021-08-26 09:02:41+00:00,2021-08-26T09:02:41Z,2,0,English,pro,,Covishield Vs Covaxin: Similarities And Differences Between India's Covid Vaccines | Explained IT,https://www.youtube.com/watch?v=yqGS3yIoz5I,https://i.ytimg.com/vi/yqGS3yIoz5I/default.jpg,06-03-2021,6,5,FALSE,,26,8,2021,09:02:41
Ugzd5TNu_MI4DUG5I_B4AaABAg,yqGS3yIoz5I,,0,Covishield ka effectivess jo 70% bataya hai wo first dose ke baad ka hai dono doses ka nahin,Covishield ka effectivess jo 70 bataya hai wo first dose ke baad ka hai dono doses ka nahin,@mannumachhal9426,2021-05-19 03:50:43+00:00,2021-05-19T03:50:43Z,1,0,Code mixed,neutral,,Covishield Vs Covaxin: Similarities And Differences Between India's Covid Vaccines | Explained IT,https://www.youtube.com/watch?v=yqGS3yIoz5I,https://i.ytimg.com/vi/yqGS3yIoz5I/default.jpg,06-03-2021,18,18,FALSE,,19,5,2021,03:50:43
UgzpBGyJ4cToBUpA4J54AaABAg,yqGS3yIoz5I,,0,Is cowin and covishield same?,Is cowin and covishield same?,@darsanakannan4938,2021-07-29 14:44:13+00:00,2021-07-29T14:44:13Z,0,0,English,neutral,,Covishield Vs Covaxin: Similarities And Differences Between India's Covid Vaccines | Explained IT,https://www.youtube.com/watch?v=yqGS3yIoz5I,https://i.ytimg.com/vi/yqGS3yIoz5I/default.jpg,06-03-2021,5,5,FALSE,,29,7,2021,14:44:13
UgzkUb1BzhZlxj2q-NZ4AaABAg,yqGS3yIoz5I,,0,how many doses in one vial of covaxin vaccine,how many doses in one vial of covaxin vaccine,@funnybuddy92,2021-05-12 14:26:01+00:00,2021-05-12T14:26:01Z,0,0,English,neutral,,Covishield Vs Covaxin: Similarities And Differences Between India's Covid Vaccines | Explained IT,https://www.youtube.com/watch?v=yqGS3yIoz5I,https://i.ytimg.com/vi/yqGS3yIoz5I/default.jpg,06-03-2021,9,9,FALSE,,12,5,2021,14:26:01
Ugx9ocs_xfLtucwqLe14AaABAg,yqGS3yIoz5I,,0,Mam Maine covaxin ki dono doses leli thi fir Maine 4 month baad third dose covishild leli ha ab 4th ka date aane wala ha koi side effect to nhi hoga na,Mam Maine covaxin ki dono doses leli thi fir Maine 4 month baad third dose covishild leli ha ab 4th ka date aane wala ha koi side effect to nhi hoga na,@Armanshahab,2022-04-07 18:18:16+00:00,2022-04-07T18:18:16Z,0,0,English,neutral,,Covishield Vs Covaxin: Similarities And Differences Between India's Covid Vaccines | Explained IT,https://www.youtube.com/watch?v=yqGS3yIoz5I,https://i.ytimg.com/vi/yqGS3yIoz5I/default.jpg,06-03-2021,32,32,FALSE,,7,4,2022,18:18:16
UgyEVdSi-XcKEBoE_XB4AaABAg,yqGS3yIoz5I,,0,"I took ""Covishield"" yesterday(1st dose).",I took Covishield yesterday 1st dose .,@MrRajaChowdhary02,2021-08-19 09:59:57+00:00,2021-08-19T09:59:57Z,2,3,English,pro,,Covishield Vs Covaxin: Similarities And Differences Between India's Covid Vaccines | Explained IT,https://www.youtube.com/watch?v=yqGS3yIoz5I,https://i.ytimg.com/vi/yqGS3yIoz5I/default.jpg,06-03-2021,5,7,FALSE,,19,8,2021,09:59:57
UgwIBxFRUkdUdTIULkl4AaABAg,yqGS3yIoz5I,,0,If we take first dosage covishield  Second dosage covaxin what happen,If we take first dosage covishield Second dosage covaxin what happen,@darshanvmd5382,2021-09-16 17:48:02+00:00,2021-09-16T17:48:02Z,1,1,English,pro,,Covishield Vs Covaxin: Similarities And Differences Between India's Covid Vaccines | Explained IT,https://www.youtube.com/watch?v=yqGS3yIoz5I,https://i.ytimg.com/vi/yqGS3yIoz5I/default.jpg,06-03-2021,11,11,FALSE,,16,9,2021,17:48:02
UgwepEezEwZ989mgrDd4AaABAg,yqGS3yIoz5I,,0,I have been vaccinated with Covishield,I have been vaccinated with Covishield,@kapilbora7852,2021-04-09 08:11:42+00:00,2021-04-09T08:11:42Z,9,10,English,pro,,Covishield Vs Covaxin: Similarities And Differences Between India's Covid Vaccines | Explained IT,https://www.youtube.com/watch?v=yqGS3yIoz5I,https://i.ytimg.com/vi/yqGS3yIoz5I/default.jpg,06-03-2021,6,6,FALSE,,9,4,2021,08:11:42
UgxgfhVeIUO5_Fw2NVF4AaABAg,yqGS3yIoz5I,,0,Covishield,Covishield,@studywithom2002,2021-09-15 15:08:56+00:00,2021-09-15T15:08:56Z,0,0,English,pro,,Covishield Vs Covaxin: Similarities And Differences Between India's Covid Vaccines | Explained IT,https://www.youtube.com/watch?v=yqGS3yIoz5I,https://i.ytimg.com/vi/yqGS3yIoz5I/default.jpg,06-03-2021,1,1,TRUE,,15,9,2021,15:08:56
UgxcjFcWRqEtHIoVzgh4AaABAg,yqGS3yIoz5I,,0,Then wat is remediviser,Then wat is remediviser,@jestineabraham5185,2021-05-05 06:27:52+00:00,2021-05-05T06:27:52Z,1,2,English,neutral,,Covishield Vs Covaxin: Similarities And Differences Between India's Covid Vaccines | Explained IT,https://www.youtube.com/watch?v=yqGS3yIoz5I,https://i.ytimg.com/vi/yqGS3yIoz5I/default.jpg,06-03-2021,4,4,FALSE,,5,5,2021,06:27:52
UgwJCCPFpRMDU991zbx4AaABAg,yqGS3yIoz5I,,0,"Which is first does of covishield vaccine? Green or Blue? Give me answers, please","Which is first does of covishield vaccine? Green or Blue? Give me answers, please",@RMOM-mi2xg,2021-06-03 11:37:55+00:00,2021-06-03T11:37:55Z,4,0,English,neutral,,Covishield Vs Covaxin: Similarities And Differences Between India's Covid Vaccines | Explained IT,https://www.youtube.com/watch?v=yqGS3yIoz5I,https://i.ytimg.com/vi/yqGS3yIoz5I/default.jpg,06-03-2021,14,14,FALSE,,3,6,2021,11:37:55
Ugx9N4gI48hzqy2obDV4AaABAg,yqGS3yIoz5I,,0,is it true he efficacy of covishield increases if  the interval between the firts dose and the second one is longer than 28 days?,is it true he efficacy of covishield increases if the interval between the firts dose and the second one is longer than 28 days?,@retagif,2021-05-12 15:53:25+00:00,2021-05-12T15:53:25Z,8,2,English,neutral,,Covishield Vs Covaxin: Similarities And Differences Between India's Covid Vaccines | Explained IT,https://www.youtube.com/watch?v=yqGS3yIoz5I,https://i.ytimg.com/vi/yqGS3yIoz5I/default.jpg,06-03-2021,24,24,FALSE,,12,5,2021,15:53:25
UgwbXShuAEwZ0ITdxTt4AaABAg,yqGS3yIoz5I,,0,Where is covaxin ... ? Only covishield is available in most of the places,Where is covaxin . ? Only covishield is available in most of the places,@BarsitSiBSIVloGs,2021-04-23 07:01:24+00:00,2021-04-23T07:01:24Z,32,6,English,neutral,,Covishield Vs Covaxin: Similarities And Differences Between India's Covid Vaccines | Explained IT,https://www.youtube.com/watch?v=yqGS3yIoz5I,https://i.ytimg.com/vi/yqGS3yIoz5I/default.jpg,06-03-2021,14,14,FALSE,,23,4,2021,07:01:24
Ugyi_QbIkXiyFiGSFHd4AaABAg,yqGS3yIoz5I,,0,"Many people are complaining of side effects like dizziness, बेचैनी, fever etc after this AstraZeneca (aka Covishield) vaccine.","Many people are complaining of side effects like dizziness, ब च न , fever etc after this AstraZeneca aka Covishield vaccine.",@shanu7uday,2021-04-09 02:28:00+00:00,2021-04-09T02:28:00Z,13,15,Code mixed,anti,,Covishield Vs Covaxin: Similarities And Differences Between India's Covid Vaccines | Explained IT,https://www.youtube.com/watch?v=yqGS3yIoz5I,https://i.ytimg.com/vi/yqGS3yIoz5I/default.jpg,06-03-2021,18,21,FALSE,,9,4,2021,02:28:00
Ugw0E3JYnH97ngh_9MV4AaABAg,yqGS3yIoz5I,,0,I recommend covaxin over covishield,I recommend covaxin over covishield,@koushikmajumder8141,2021-04-01 11:57:32+00:00,2021-04-01T11:57:32Z,40,17,English,pro,,Covishield Vs Covaxin: Similarities And Differences Between India's Covid Vaccines | Explained IT,https://www.youtube.com/watch?v=yqGS3yIoz5I,https://i.ytimg.com/vi/yqGS3yIoz5I/default.jpg,06-03-2021,5,5,FALSE,,1,4,2021,11:57:32
UgwqDnonyjNVfWbyK9F4AaABAg,AV6rpuOv7ts,,0,Kudos to our talented scientists who developed covaxin and leadership who won the who approval,Kudos to our talented scientists who developed covaxin and leadership who won the who approval,@divyaaggarwal7871,2021-11-03 17:41:30+00:00,2021-11-03T17:41:30Z,30,1,English,pro,,Covaxin gets WHO's nod; here's what it will mean for those who have taken the shot  | World News,https://www.youtube.com/watch?v=AV6rpuOv7ts,https://i.ytimg.com/vi/AV6rpuOv7ts/default.jpg,03-11-2021,15,15,FALSE,,3,11,2021,17:41:30
UgzOJXn_rnm-jEmnlxF4AaABAg,AV6rpuOv7ts,,0,More than 1000 million (100 crore) people vaccinated in India by now.  I'm one of them 🙏,More than 1000 million 100 crore people vaccinated in India by now. I'm one of them,@shshsh33shshsh,2021-11-03 17:27:44+00:00,2021-11-03T17:27:44Z,18,1,English,pro,,Covaxin gets WHO's nod; here's what it will mean for those who have taken the shot  | World News,https://www.youtube.com/watch?v=AV6rpuOv7ts,https://i.ytimg.com/vi/AV6rpuOv7ts/default.jpg,03-11-2021,17,16,FALSE,,3,11,2021,17:27:44
Ugyj7UONCfiu-Uvj7tt4AaABAg,AV6rpuOv7ts,,0,"Wow, It took About a Year.  100 crore Indians already Vaccinated.  And, WHO is Now in the Approval Stage.  (Sarcastic Claps*)","Wow, It took About a Year. 100 crore Indians already Vaccinated. And, WHO is Now in the Approval Stage. Sarcastic Claps",@mr.shreyashk.sawant9223,2021-11-03 17:19:21+00:00,2021-11-03T17:19:21Z,24,2,English,pro,,Covaxin gets WHO's nod; here's what it will mean for those who have taken the shot  | World News,https://www.youtube.com/watch?v=AV6rpuOv7ts,https://i.ytimg.com/vi/AV6rpuOv7ts/default.jpg,03-11-2021,21,21,FALSE,,3,11,2021,17:19:21
UgziCDTRMCS5vD8XoBN4AaABAg,AV6rpuOv7ts,,0,Covaxin becomes Global.Congratulations Indian Scientists and Bharat Biotect.,Covaxin becomes Global.Congratulations Indian Scientists and Bharat Biotect.,@chiragbihani5392,2021-11-03 17:17:26+00:00,2021-11-03T17:17:26Z,17,0,English,pro,,Covaxin gets WHO's nod; here's what it will mean for those who have taken the shot  | World News,https://www.youtube.com/watch?v=AV6rpuOv7ts,https://i.ytimg.com/vi/AV6rpuOv7ts/default.jpg,03-11-2021,8,8,FALSE,,3,11,2021,17:17:26
UgxVMpjwbt1_yL32gzR4AaABAg,AV6rpuOv7ts,,0,WHO approves Covaxin.... All Modi haters were failures anyway now after this they are irrelevant. 😂❤️. Saddest day for रNDTv,WHO approves Covaxin. All Modi haters were failures anyway now after this they are irrelevant. . Saddest day for रNDTv,@reconquistahinduism346,2021-11-03 17:27:19+00:00,2021-11-03T17:27:19Z,35,2,English,pro,,Covaxin gets WHO's nod; here's what it will mean for those who have taken the shot  | World News,https://www.youtube.com/watch?v=AV6rpuOv7ts,https://i.ytimg.com/vi/AV6rpuOv7ts/default.jpg,03-11-2021,20,20,FALSE,,3,11,2021,17:27:19
Ugxr1UGIeEWfHDvakTt4AaABAg,AV6rpuOv7ts,,0,Congrats to Bharat Biotech . The delay is got to do more with Pfizer and Johnson vaccines marketing their vaccines to some of the countries first. Its all about economics. Its about stalling your competitor and cutting into their market. In this case covaxin. Its all about money.,Congrats to Bharat Biotech . The delay is got to do more with Pfizer and Johnson vaccines marketing their vaccines to some of the countries first. Its all about economics. Its about stalling your competitor and cutting into their market. In this case covaxin. Its all about money.,@meerasrinivasan1331,2021-11-03 17:48:47+00:00,2021-11-03T17:48:47Z,12,1,English,pro,,Covaxin gets WHO's nod; here's what it will mean for those who have taken the shot  | World News,https://www.youtube.com/watch?v=AV6rpuOv7ts,https://i.ytimg.com/vi/AV6rpuOv7ts/default.jpg,03-11-2021,48,48,FALSE,,3,11,2021,17:48:47
UgyPgb8krbQSxxdItkx4AaABAg,AV6rpuOv7ts,,0,Where r those who defamed Covaxin and doubtedit?,Where r those who defamed Covaxin and doubtedit?,@chiragbihani5392,2021-11-03 17:17:47+00:00,2021-11-03T17:17:47Z,9,2,English,pro,,Covaxin gets WHO's nod; here's what it will mean for those who have taken the shot  | World News,https://www.youtube.com/watch?v=AV6rpuOv7ts,https://i.ytimg.com/vi/AV6rpuOv7ts/default.jpg,03-11-2021,8,8,FALSE,,3,11,2021,17:17:47
UgxMedQhDV9h--BR6dN4AaABAg,AV6rpuOv7ts,,0,Now that the new cases have been reduced. Are there any countries still interested in purchasing Covaxin?.,Now that the new cases have been reduced. Are there any countries still interested in purchasing Covaxin.,@Gautham9125,2021-11-03 17:18:31+00:00,2021-11-03T17:18:31Z,6,2,English,pro,,Covaxin gets WHO's nod; here's what it will mean for those who have taken the shot  | World News,https://www.youtube.com/watch?v=AV6rpuOv7ts,https://i.ytimg.com/vi/AV6rpuOv7ts/default.jpg,03-11-2021,17,17,FALSE,,3,11,2021,17:18:31
UgxHFNntjsotDSEnyKt4AaABAg,AV6rpuOv7ts,,0,"You send it over to kingdom of Saudi Arabia, we are waiting.","You send it over to kingdom of Saudi Arabia, we are waiting.",@zainabmustafa5208,2021-11-04 17:53:05+00:00,2021-11-04T17:53:05Z,0,0,English,neutral,,Covaxin gets WHO's nod; here's what it will mean for those who have taken the shot  | World News,https://www.youtube.com/watch?v=AV6rpuOv7ts,https://i.ytimg.com/vi/AV6rpuOv7ts/default.jpg,03-11-2021,12,12,FALSE,,4,11,2021,17:53:05
Ugzstwxc_bB7jt4MJTN4AaABAg,AV6rpuOv7ts,,0,I took Covaxin,I took Covaxin,@anotheraccount9917,2021-11-04 02:15:18+00:00,2021-11-04T02:15:18Z,1,0,English,pro,,Covaxin gets WHO's nod; here's what it will mean for those who have taken the shot  | World News,https://www.youtube.com/watch?v=AV6rpuOv7ts,https://i.ytimg.com/vi/AV6rpuOv7ts/default.jpg,03-11-2021,3,3,FALSE,,4,11,2021,02:15:18
Ugy9msCU3JWSKpnX1Q54AaABAg,AV6rpuOv7ts,,0,No Mandates !!!   No Vaccine Passport !!!   Solidarity !!!,No Mandates ! No Vaccine Passport ! Solidarity !,@editgirl,2021-11-03 17:29:08+00:00,2021-11-03T17:29:08Z,3,0,English,anti,,Covaxin gets WHO's nod; here's what it will mean for those who have taken the shot  | World News,https://www.youtube.com/watch?v=AV6rpuOv7ts,https://i.ytimg.com/vi/AV6rpuOv7ts/default.jpg,03-11-2021,9,9,FALSE,,3,11,2021,17:29:08
UgyHlHEdPbH-6Q8zl8Z4AaABAg,AV6rpuOv7ts,,0,PAK VAC ALSO MUST GET APPROVED 🤣🤣🤣🤣,PAK VAC ALSO MUST GET APPROVED,@sreekantcp,2021-11-04 17:56:05+00:00,2021-11-04T17:56:05Z,1,0,English,pro,,Covaxin gets WHO's nod; here's what it will mean for those who have taken the shot  | World News,https://www.youtube.com/watch?v=AV6rpuOv7ts,https://i.ytimg.com/vi/AV6rpuOv7ts/default.jpg,03-11-2021,7,6,FALSE,,4,11,2021,17:56:05
UgwtjT5kJg1GZp_yVyl4AaABAg,#NAME?,,0,The risk reward ratio is very favorable for those profiting from the vaccine trade.,The risk reward ratio is very favorable for those profiting from the vaccine trade.,@ravindraunnam2713,2024-05-02 04:00:12+00:00,2024-05-02T04:00:12Z,14,0,English,pro,,Covishield Vaccine Side Effects: AstraZeneca Admits Its Covid Vaccine Can Cause Rare Side Effects,https://www.youtube.com/watch?v=-J9fBHtB8_0,https://i.ytimg.com/vi/-J9fBHtB8_0/default.jpg,01-05-2024,14,14,FALSE,,2,5,2024,04:00:12
UgxCvnvP0LlinOaPry94AaABAg,#NAME?,,0,"What shameless people they are. When this happened to us, he left us and ran away. He even removed the photo from the Covid vaccine certificate.😢😢😢😢😢😢","What shameless people they are. When this happened to us, he left us and ran away. He even removed the photo from the Covid vaccine certificate.",@Kanish2228,2024-05-03 09:47:35+00:00,2024-05-03T09:47:35Z,7,0,English,neutral,,Covishield Vaccine Side Effects: AstraZeneca Admits Its Covid Vaccine Can Cause Rare Side Effects,https://www.youtube.com/watch?v=-J9fBHtB8_0,https://i.ytimg.com/vi/-J9fBHtB8_0/default.jpg,01-05-2024,26,26,FALSE,,3,5,2024,09:47:35
UgxyxhvDtpdPVnSiDp54AaABAg,#NAME?,,0,"I contacted Covid in January 2020 on a trip to Venice, I was seriously breathless which wore off after a few months with no apparent after effects. I had the Astra Zenica jab on the 13th February 2021 a;d a booster a month later which I was coerced into so that I could travel. I almost immediately suffered a total loss of smell and taste  it hasn’t returned . I am desperate for help with this and am seriously depressed.","I contacted Covid in January 2020 on a trip to Venice, I was seriously breathless which wore off after a few months with no apparent after effects. I had the Astra Zenica jab on the 13th February 2021 a d a booster a month later which I was coerced into so that I could travel. I almost immediately suffered a total loss of smell and taste it hasn t returned . I am desperate for help with this and am seriously depressed.",@DouglasPeel-d9r,2024-07-19 21:09:01+00:00,2024-07-19T21:09:01Z,5,0,English,anti,,Covishield Vaccine Side Effects: AstraZeneca Admits Its Covid Vaccine Can Cause Rare Side Effects,https://www.youtube.com/watch?v=-J9fBHtB8_0,https://i.ytimg.com/vi/-J9fBHtB8_0/default.jpg,01-05-2024,80,82,FALSE,,19,7,2024,21:09:01
UgwyA74VY_q5TnRmhxF4AaABAg,#NAME?,,0,"I feel deeply troubled by the actions of both government and corporate entities regarding the Covishield vaccine. It's disheartening to see this unfold, and it's essential to address these concerns constructively rather than feeling trapped or hopeless","I feel deeply troubled by the actions of both government and corporate entities regarding the Covishield vaccine. It's disheartening to see this unfold, and it's essential to address these concerns constructively rather than feeling trapped or hopeless",@MoniSujith,2024-05-06 04:31:14+00:00,2024-05-06T04:31:14Z,6,1,English,neutral,,Covishield Vaccine Side Effects: AstraZeneca Admits Its Covid Vaccine Can Cause Rare Side Effects,https://www.youtube.com/watch?v=-J9fBHtB8_0,https://i.ytimg.com/vi/-J9fBHtB8_0/default.jpg,01-05-2024,37,37,FALSE,,6,5,2024,04:31:14
UgzAc-YgchVCZMHvNW94AaABAg,#NAME?,,0,Take the PM Modi to court people ..he is responsible and very well aware of the state of affairs of vaccine but so much blind for power money that people's life is nothing for this man.,Take the PM Modi to court people .he is responsible and very well aware of the state of affairs of vaccine but so much blind for power money that people's life is nothing for this man.,@morenmorefoodflavours,2024-05-02 08:19:59+00:00,2024-05-02T08:19:59Z,15,0,English,neutral,,Covishield Vaccine Side Effects: AstraZeneca Admits Its Covid Vaccine Can Cause Rare Side Effects,https://www.youtube.com/watch?v=-J9fBHtB8_0,https://i.ytimg.com/vi/-J9fBHtB8_0/default.jpg,01-05-2024,36,36,FALSE,,2,5,2024,08:19:59
Ugz7dIMbPgUfTaQynjl4AaABAg,#NAME?,,0,"I had seizures in my legs immediately after 12 hours of taking the Covishield vaccine. I could also feel tremors in injected shoulder. All of this happened in sleep, I was very panicked and went to the vaccination center. They were just refuting their vaccine has side effects. But now I know ☹️","I had seizures in my legs immediately after 12 hours of taking the Covishield vaccine. I could also feel tremors in injected shoulder. All of this happened in sleep, I was very panicked and went to the vaccination center. They were just refuting their vaccine has side effects. But now I know",@LostandDamned,2024-05-02 04:20:30+00:00,2024-05-02T04:20:30Z,6,0,English,anti,,Covishield Vaccine Side Effects: AstraZeneca Admits Its Covid Vaccine Can Cause Rare Side Effects,https://www.youtube.com/watch?v=-J9fBHtB8_0,https://i.ytimg.com/vi/-J9fBHtB8_0/default.jpg,01-05-2024,53,52,FALSE,,2,5,2024,04:20:30
UgxrepoJ5ta_nlwdk594AaABAg,#NAME?,,0,One of my relative got this Astra Zeneca vaccine and died afterwards in Covid.,One of my relative got this Astra Zeneca vaccine and died afterwards in Covid.,@DipakBose-bq1vv,2024-05-02 03:51:43+00:00,2024-05-02T03:51:43Z,6,1,English,anti,,Covishield Vaccine Side Effects: AstraZeneca Admits Its Covid Vaccine Can Cause Rare Side Effects,https://www.youtube.com/watch?v=-J9fBHtB8_0,https://i.ytimg.com/vi/-J9fBHtB8_0/default.jpg,01-05-2024,14,14,FALSE,,2,5,2024,03:51:43
UgzD_P1AJ1t_TZoWHLJ4AaABAg,#NAME?,,0,We have to ask first did this Dr take vaccine or not,We have to ask first did this Dr take vaccine or not,@AnthonyKashung-n8n,2024-05-02 13:47:24+00:00,2024-05-02T13:47:24Z,3,0,English,anti,,Covishield Vaccine Side Effects: AstraZeneca Admits Its Covid Vaccine Can Cause Rare Side Effects,https://www.youtube.com/watch?v=-J9fBHtB8_0,https://i.ytimg.com/vi/-J9fBHtB8_0/default.jpg,01-05-2024,12,12,FALSE,,2,5,2024,13:47:24
UgyYgncD1oumQ6rohpx4AaABAg,#NAME?,,0,I'm one of the victims of Covid-19 vaccine after vaccination I am suffering from brain stroke after vaccination my voice damaged due to brain stroke I am in medication in my house from 3 years so many people suffering from brain stroke,I'm one of the victims of Covid-19 vaccine after vaccination I am suffering from brain stroke after vaccination my voice damaged due to brain stroke I am in medication in my house from 3 years so many people suffering from brain stroke,@srinivasaraopeddiraju3899,2024-05-02 04:42:36+00:00,2024-05-02T04:42:36Z,7,3,English,anti,,Covishield Vaccine Side Effects: AstraZeneca Admits Its Covid Vaccine Can Cause Rare Side Effects,https://www.youtube.com/watch?v=-J9fBHtB8_0,https://i.ytimg.com/vi/-J9fBHtB8_0/default.jpg,01-05-2024,42,42,FALSE,,2,5,2024,04:42:36
UgychUsPxjgnu5CyyMN4AaABAg,#NAME?,,0,"Cut it out, the side effects are clearly NOT rare. There are a number of my young family members that have experienced stroked, heart attacks and clotting issued.","Cut it out, the side effects are clearly NOT rare. There are a number of my young family members that have experienced stroked, heart attacks and clotting issued.",@mimib2887,2024-05-08 13:35:14+00:00,2024-05-08T13:35:14Z,8,1,English,anti,,Covishield Vaccine Side Effects: AstraZeneca Admits Its Covid Vaccine Can Cause Rare Side Effects,https://www.youtube.com/watch?v=-J9fBHtB8_0,https://i.ytimg.com/vi/-J9fBHtB8_0/default.jpg,01-05-2024,28,28,FALSE,,8,5,2024,13:35:14
UgyekugOIBJSqUoqjkJ4AaABAg,#NAME?,,0,Where were these experts before.  Every medicine has its side-effects.  A small % succumb.,Where were these experts before. Every medicine has its side-effects. A small succumb.,@sreenathgs7903,2024-05-02 08:14:01+00:00,2024-05-02T08:14:01Z,4,0,English,pro,,Covishield Vaccine Side Effects: AstraZeneca Admits Its Covid Vaccine Can Cause Rare Side Effects,https://www.youtube.com/watch?v=-J9fBHtB8_0,https://i.ytimg.com/vi/-J9fBHtB8_0/default.jpg,01-05-2024,14,13,FALSE,,2,5,2024,08:14:01
Ugz3W9YY1J0iHBk7sgd4AaABAg,#NAME?,,0,Interacting partners define the outcome both in biological and social systems. It is difficult as Dr Shahid was mentioning to expect absolute safe medicine or vaccine.,Interacting partners define the outcome both in biological and social systems. It is difficult as Dr Shahid was mentioning to expect absolute safe medicine or vaccine.,@ramaiahkolluru2971,2024-05-02 09:43:10+00:00,2024-05-02T09:43:10Z,0,0,English,pro,,Covishield Vaccine Side Effects: AstraZeneca Admits Its Covid Vaccine Can Cause Rare Side Effects,https://www.youtube.com/watch?v=-J9fBHtB8_0,https://i.ytimg.com/vi/-J9fBHtB8_0/default.jpg,01-05-2024,26,26,FALSE,,2,5,2024,09:43:10
UgyJN_JtukyzjdXxTX94AaABAg,#NAME?,,0,Now I understand why I am feeling tired,Now I understand why I am feeling tired,@onlineworld12345,2024-05-03 14:53:38+00:00,2024-05-03T14:53:38Z,3,2,English,anti,,Covishield Vaccine Side Effects: AstraZeneca Admits Its Covid Vaccine Can Cause Rare Side Effects,https://www.youtube.com/watch?v=-J9fBHtB8_0,https://i.ytimg.com/vi/-J9fBHtB8_0/default.jpg,01-05-2024,8,8,FALSE,,3,5,2024,14:53:38
UgwrNqljs04xOlB-u9N4AaABAg,#NAME?,,0,"When the Oxford doctor said that the risk is very very low, Rajdeep Sardesai looked very concerned.","When the Oxford doctor said that the risk is very very low, Rajdeep Sardesai looked very concerned.",@kanakrajan3362,2024-05-02 04:18:34+00:00,2024-05-02T04:18:34Z,15,6,English,neutral,,Covishield Vaccine Side Effects: AstraZeneca Admits Its Covid Vaccine Can Cause Rare Side Effects,https://www.youtube.com/watch?v=-J9fBHtB8_0,https://i.ytimg.com/vi/-J9fBHtB8_0/default.jpg,01-05-2024,17,17,FALSE,,2,5,2024,04:18:34
UgywLBPIBtTqq84zAIN4AaABAg,#NAME?,,0,You should arrest our high rank person of India who advertised this .,You should arrest our high rank person of India who advertised this .,@charleskalyanrao9839,2024-05-01 18:53:29+00:00,2024-05-01T18:53:29Z,85,12,English,anti,,Covishield Vaccine Side Effects: AstraZeneca Admits Its Covid Vaccine Can Cause Rare Side Effects,https://www.youtube.com/watch?v=-J9fBHtB8_0,https://i.ytimg.com/vi/-J9fBHtB8_0/default.jpg,01-05-2024,13,13,FALSE,,1,5,2024,18:53:29
UgyBfql68tsLOWVt48p4AaABAg,#NAME?,,0,Elderly people coughing too much during night time... Severe dry cough .. is this also bcoz of this vaccine??,Elderly people coughing too much during night time. Severe dry cough . is this also bcoz of this vaccine?,@mys-mlbb-007,2024-05-01 18:15:45+00:00,2024-05-01T18:15:45Z,19,2,English,anti,,Covishield Vaccine Side Effects: AstraZeneca Admits Its Covid Vaccine Can Cause Rare Side Effects,https://www.youtube.com/watch?v=-J9fBHtB8_0,https://i.ytimg.com/vi/-J9fBHtB8_0/default.jpg,01-05-2024,19,19,FALSE,,1,5,2024,18:15:45
UgzxQIqrl3KlaGGITmx4AaABAg,#NAME?,,0,What about Sputnik vaccine?,What about Sputnik vaccine?,@rajeshstephen4661,2024-05-01 22:18:12+00:00,2024-05-01T22:18:12Z,0,0,English,neutral,,Covishield Vaccine Side Effects: AstraZeneca Admits Its Covid Vaccine Can Cause Rare Side Effects,https://www.youtube.com/watch?v=-J9fBHtB8_0,https://i.ytimg.com/vi/-J9fBHtB8_0/default.jpg,01-05-2024,4,4,FALSE,,1,5,2024,22:18:12
UgxAHLpjAD6vPIfzqz94AaABAg,#NAME?,,0,"he says this is not new info, but its new info for common public, as news channels are reporting it now.",Elderly people coughing too much during night time. Severe dry cough . is this also bcoz of this vaccine?,@hemanthaugust7217,2024-05-06 09:08:14+00:00,2024-05-06T09:08:14Z,0,0,English,neutral,,Covishield Vaccine Side Effects: AstraZeneca Admits Its Covid Vaccine Can Cause Rare Side Effects,https://www.youtube.com/watch?v=-J9fBHtB8_0,https://i.ytimg.com/vi/-J9fBHtB8_0/default.jpg,01-05-2024,21,21,FALSE,,6,5,2024,09:08:14
UgxCtitjG1DaZWetH694AaABAg,#NAME?,,0,Biswaroop Roy gave us right knowledge... Certified doctors to khel hi khatam kardia saron Ka. Thnx Biswaroop ji,Biswaroop Roy gave us right knowledge. Certified doctors to khel hi khatam kardia saron Ka. Thnx Biswaroop ji,@ShamsherAli-dw8oc,2024-05-03 09:22:18+00:00,2024-05-03T09:22:18Z,1,0,Code mixed,neutral,,Covishield Vaccine Side Effects: AstraZeneca Admits Its Covid Vaccine Can Cause Rare Side Effects,https://www.youtube.com/watch?v=-J9fBHtB8_0,https://i.ytimg.com/vi/-J9fBHtB8_0/default.jpg,01-05-2024,18,18,FALSE,,3,5,2024,09:22:18
Ugz8WUBrKG7QYV23PYx4AaABAg,#NAME?,,0,This is the exact reason why the manufacturer wanted immunity from court injunction against the company. They made money and became billionaire's. Some expert doctor's will support it and say there's no problem now...Birds of feather flock together.,This is the exact reason why the manufacturer wanted immunity from court injunction against the company. They made money and became billionaire's. Some expert doctor's will support it and say there's no problem now.Birds of feather flock together.,@MrPhilipmen,2024-05-02 03:14:30+00:00,2024-05-02T03:14:30Z,38,1,English,anti,,Covishield Vaccine Side Effects: AstraZeneca Admits Its Covid Vaccine Can Cause Rare Side Effects,https://www.youtube.com/watch?v=-J9fBHtB8_0,https://i.ytimg.com/vi/-J9fBHtB8_0/default.jpg,01-05-2024,38,38,FALSE,,2,5,2024,03:14:30
UgyhfKSzfEp5R8WkSpp4AaABAg,#NAME?,,0,They should give compensation to each one who taken this vaccine..,They should give compensation to each one who taken this vaccine.,@tanushvighnesh8672,2024-05-08 13:17:29+00:00,2024-05-08T13:17:29Z,17,0,English,anti,,Covishield Vaccine Side Effects: AstraZeneca Admits Its Covid Vaccine Can Cause Rare Side Effects,https://www.youtube.com/watch?v=-J9fBHtB8_0,https://i.ytimg.com/vi/-J9fBHtB8_0/default.jpg,01-05-2024,11,11,FALSE,,8,5,2024,13:17:29
UgzoHp80KHiQP_a0bDp4AaABAg,#NAME?,,0,I still  have a  doubt  that I had heart problem s bcos of my covid. Vaccination,I still have a doubt that I had heart problem s bcos of my covid. Vaccination,@JayashreeSreedharan,2025-04-11 18:13:05+00:00,2025-04-11T18:13:05Z,1,1,English,anti,,Covishield Vaccine Side Effects: AstraZeneca Admits Its Covid Vaccine Can Cause Rare Side Effects,https://www.youtube.com/watch?v=-J9fBHtB8_0,https://i.ytimg.com/vi/-J9fBHtB8_0/default.jpg,01-05-2024,16,16,FALSE,,11,4,2025,18:13:05
UgyImXAWH4zMAkrpYo94AaABAg,#NAME?,,0,Those who could've been affected are already dead. The rest of you need not worry..,Those who could've been affected are already dead. The rest of you need not worry.,@navintheyagaraj9540,2024-05-02 05:11:56+00:00,2024-05-02T05:11:56Z,1,1,English,neutral,,Covishield Vaccine Side Effects: AstraZeneca Admits Its Covid Vaccine Can Cause Rare Side Effects,https://www.youtube.com/watch?v=-J9fBHtB8_0,https://i.ytimg.com/vi/-J9fBHtB8_0/default.jpg,01-05-2024,15,15,FALSE,,2,5,2024,05:11:56
UgxRqeux6Abt_IOMw_t4AaABAg,#NAME?,,0,My mother got stroke her left leg and hand got affected  last month also doppler test taken still now not cured,My mother got stroke her left leg and hand got affected last month also doppler test taken still now not cured,@sathishmoro3551,2024-05-02 03:48:04+00:00,2024-05-02T03:48:04Z,1,2,English,anti,,Covishield Vaccine Side Effects: AstraZeneca Admits Its Covid Vaccine Can Cause Rare Side Effects,https://www.youtube.com/watch?v=-J9fBHtB8_0,https://i.ytimg.com/vi/-J9fBHtB8_0/default.jpg,01-05-2024,21,21,FALSE,,2,5,2024,03:48:04
Ugwljm6n_riKZ45Vz1V4AaABAg,#NAME?,,0,"I had taken 2 covishield vaccines and booster, my bp raised to 150/90 upto 160 many times last few months.. Before covid once i chkd it was 125-130..can this be related, pls someone explain","I had taken 2 covishield vaccines and booster, my bp raised to 150 90 upto 160 many times last few months. Before covid once i chkd it was 125-130.can this be related, pls someone explain",@sudeshkamble15,2024-05-02 15:57:27+00:00,2024-05-02T15:57:27Z,3,1,English,anti,,Covishield Vaccine Side Effects: AstraZeneca Admits Its Covid Vaccine Can Cause Rare Side Effects,https://www.youtube.com/watch?v=-J9fBHtB8_0,https://i.ytimg.com/vi/-J9fBHtB8_0/default.jpg,01-05-2024,34,35,FALSE,,2,5,2024,15:57:27
Ugw_z_eauSIKGLRVHqZ4AaABAg,9JBu8s-3fCw,,0,Thx I took covishield..,Thx I took covishield.,@chandrakantyetale7845,2021-07-24 12:40:47+00:00,2021-07-24T12:40:47Z,0,0,English,pro,,Which is the Best Vaccine? Covaxin vs Covishield | Dhruv Rathee,https://www.youtube.com/watch?v=9JBu8s-3fCw,https://img.youtube.com/vi/9JBu8s-3fCw/hqdefault.jpg,44322,4,4,FALSE,,24,7,2021,12:40:47
UgxgF9NIhTGzC_7H5Zt4AaABAg,9JBu8s-3fCw,,0,took covaxin 1st dose today,took covaxin 1st dose today,@aniketsingh5416,2021-06-03 18:04:53+00:00,2021-06-03T18:04:53Z,0,0,English,pro,,Which is the Best Vaccine? Covaxin vs Covishield | Dhruv Rathee,https://www.youtube.com/watch?v=9JBu8s-3fCw,https://img.youtube.com/vi/9JBu8s-3fCw/hqdefault.jpg,44322,5,5,FALSE,,3,6,2021,18:04:53
UgxwR3P8yIKfoLEXA9l4AaABAg,9JBu8s-3fCw,,0,I took covishield..,I took covishield.,@Nasiruddin002,2021-06-03 12:11:27+00:00,2021-06-03T12:11:27Z,0,0,English,pro,,Which is the Best Vaccine? Covaxin vs Covishield | Dhruv Rathee,https://www.youtube.com/watch?v=9JBu8s-3fCw,https://img.youtube.com/vi/9JBu8s-3fCw/hqdefault.jpg,44322,3,3,FALSE,,3,6,2021,12:11:27
Ugw2DHSih5VR9qsfL2x4AaABAg.9Nojm_QLsl79QQlx7R73jG,9JBu8s-3fCw,Ugw2DHSih5VR9qsfL2x4AaABAg,1,"Even i took covishield, but i didnt got fever.","Even i took covishield, but i didnt got fever.",@olliemike,2021-07-30 16:02:05+00:00,2021-07-30T16:02:05Z,1,0,English,pro,,Which is the Best Vaccine? Covaxin vs Covishield | Dhruv Rathee,https://www.youtube.com/watch?v=9JBu8s-3fCw,https://img.youtube.com/vi/9JBu8s-3fCw/hqdefault.jpg,44322,9,9,FALSE,,30,7,2021,16:02:05
Ugy7ckRu7W8H1lxnLFB4AaABAg,9JBu8s-3fCw,,0,"Great video, learned a lot.. Today me and my mother going to take vaccine.. Father already took the first dose... Hope so everything will be so far so good Inshallah🙌🤗","Great video, learned a lot. Today me and my mother going to take vaccine. Father already took the first dose. Hope so everything will be so far so good Inshallah",@mohbuburrahman9041,2021-05-21 06:24:57+00:00,2021-05-21T06:24:57Z,2,0,English,pro,,Which is the Best Vaccine? Covaxin vs Covishield | Dhruv Rathee,https://www.youtube.com/watch?v=9JBu8s-3fCw,https://img.youtube.com/vi/9JBu8s-3fCw/hqdefault.jpg,44322,30,30,FALSE,,21,5,2021,06:24:57
Ugxj_R8ts64EbqRr0ZR4AaABAg,9JBu8s-3fCw,,0,"I took first Covaxin jab today & haven't experienced any kind of reaction till the time No pain, No Fever nothing. Only thing which I experienced that it has increased my appetite 😂  Even I thought that why my body isn't reacting to the vaccine ? Please do share your experience as well & Is it really necessary that your body should react with any kind of vaccine symptoms.","I took first Covaxin jab today haven't experienced any kind of reaction till the time No pain, No Fever nothing. Only thing which I experienced that it has increased my appetite Even I thought that why my body isn't reacting to the vaccine ? Please do share your experience as well Is it really necessary that your body should react with any kind of vaccine symptoms.",@RajatSharma-er9er,2021-05-18 17:56:19+00:00,2021-05-18T17:56:19Z,7,2,English,pro,,Which is the Best Vaccine? Covaxin vs Covishield | Dhruv Rathee,https://www.youtube.com/watch?v=9JBu8s-3fCw,https://img.youtube.com/vi/9JBu8s-3fCw/hqdefault.jpg,44322,69,66,FALSE,,18,5,2021,17:56:19
UgxQg_72bx0ZX9KbBc94AaABAg,9JBu8s-3fCw,,0,"Thank you for this very informative video. I have one question. If I took 1st dose of Covishield then can I take the 2nd dose of a different company? (like covaxin, Pfizer, Moderna or Johnson & Johnson’s Janssen)","Thank you for this very informative video. I have one question. If I took 1st dose of Covishield then can I take the 2nd dose of a different company? like covaxin, Pfizer, Moderna or Johnson Johnson s Janssen",@sunnygem2,2021-05-11 17:00:16+00:00,2021-05-11T17:00:16Z,0,4,English,pro,,Which is the Best Vaccine? Covaxin vs Covishield | Dhruv Rathee,https://www.youtube.com/watch?v=9JBu8s-3fCw,https://img.youtube.com/vi/9JBu8s-3fCw/hqdefault.jpg,44322,38,38,FALSE,,11,5,2021,17:00:16
UgxQg_72bx0ZX9KbBc94AaABAg.9NCt0BeqG6Q9OY8vmNtxfK,9JBu8s-3fCw,UgxQg_72bx0ZX9KbBc94AaABAg,1,​@burjisbhat8633 Thank you again!  But what about for those who have to travel abroad and they took their 1st dose in India (one of my cousins took her 1st dose of covidshield and she has to go to Canada now. And there they do not have covidshield) Please advise.,Thank you again! But what about for those who have to travel abroad and they took their 1st dose in India one of my cousins took her 1st dose of covidshield and she has to go to Canada now. And there they do not have covidshield Please advise.,@sunnygem2,2021-06-13 19:43:31+00:00,2021-06-13T19:43:31Z,0,0,English,pro,,Which is the Best Vaccine? Covaxin vs Covishield | Dhruv Rathee,https://www.youtube.com/watch?v=9JBu8s-3fCw,https://img.youtube.com/vi/9JBu8s-3fCw/hqdefault.jpg,44322,49,48,FALSE,,13,6,2021,19:43:31
UgyFe19DNBUDkWXCdnl4AaABAg,9JBu8s-3fCw,,0,I've took Johnson and Johnson vaccine  . Only 1 dose,I've took Johnson and Johnson vaccine . Only 1 dose,@FBI-ix6or,2021-05-09 12:35:49+00:00,2021-05-09T12:35:49Z,0,0,English,pro,,Which is the Best Vaccine? Covaxin vs Covishield | Dhruv Rathee,https://www.youtube.com/watch?v=9JBu8s-3fCw,https://img.youtube.com/vi/9JBu8s-3fCw/hqdefault.jpg,44322,10,10,FALSE,,9,5,2021,12:35:49
UgygbiP7SVD9E-QPg714AaABAg,9JBu8s-3fCw,,0,Hi bro. I took pfizer here in kuwait aur idhar abhi school ke baccon ko bhi de rahe hai. Starting from std1 to 18 yrs. Also those who had covid b4 will receive only i shot,Hi bro. I took pfizer here in kuwait aur idhar abhi school ke baccon ko bhi de rahe hai. Starting from std1 to 18 yrs. Also those who had covid b4 will receive only i shot,@belinisaac,2021-05-08 06:14:30+00:00,2021-05-08T06:17:51Z,21,3,English,pro,,Which is the Best Vaccine? Covaxin vs Covishield | Dhruv Rathee,https://www.youtube.com/watch?v=9JBu8s-3fCw,https://img.youtube.com/vi/9JBu8s-3fCw/hqdefault.jpg,44322,36,36,FALSE,,8,5,2021,06:14:30
Ugynz7mCQLAF8ZiAGup4AaABAg,9JBu8s-3fCw,,0,"First dose took Astazenca, second dose terminated. Can I take 2nd dose other vaccine? Or can I go once again other vaccine two doses? Please clarify...","First dose took Astazenca, second dose terminated. Can I take 2nd dose other vaccine? Or can I go once again other vaccine two doses? Please clarify.",@irshadahamed7429,2021-05-07 20:17:25+00:00,2021-05-07T20:17:25Z,0,0,English,pro,,Which is the Best Vaccine? Covaxin vs Covishield | Dhruv Rathee,https://www.youtube.com/watch?v=9JBu8s-3fCw,https://img.youtube.com/vi/9JBu8s-3fCw/hqdefault.jpg,44322,26,26,FALSE,,7,5,2021,20:17:25
UgwAoMO5wCgaaeI7kCB4AaABAg,9JBu8s-3fCw,,0,I took Covishield on May 4. No major side effects except light fever till 2..3 days.,I took Covishield on May 4. No major side effects except light fever till 2.3 days.,@asgamers18,2021-05-07 13:14:46+00:00,2021-05-07T13:14:46Z,7,0,English,pro,,Which is the Best Vaccine? Covaxin vs Covishield | Dhruv Rathee,https://www.youtube.com/watch?v=9JBu8s-3fCw,https://img.youtube.com/vi/9JBu8s-3fCw/hqdefault.jpg,44322,16,16,FALSE,,7,5,2021,13:14:46
UgxoNJZtWrV1OwieHk14AaABAg,9JBu8s-3fCw,,0,If I took a dose of Covaccine then if it's unavailble then after can I took a second dose of COVISHIELD???,If I took a dose of Covaccine then if it's unavailble then after can I took a second dose of COVISHIELD?,@Socialistarnavgupta,2021-05-07 09:17:45+00:00,2021-05-07T09:17:45Z,0,1,English,pro,,Which is the Best Vaccine? Covaxin vs Covishield | Dhruv Rathee,https://www.youtube.com/watch?v=9JBu8s-3fCw,https://img.youtube.com/vi/9JBu8s-3fCw/hqdefault.jpg,44322,21,21,FALSE,,7,5,2021,09:17:45
UgzKPUUVzfCeipGjZSl4AaABAg,9JBu8s-3fCw,,0,What if someone took *covaxin* in first dose. And after that there is no covaxin in market. What is best advise in this scenario ?,What if someone took covaxin in first dose. And after that there is no covaxin in market. What is best advise in this scenario ?,@rajesh7994,2021-05-07 07:15:14+00:00,2021-05-07T07:15:14Z,1,1,English,pro,,Which is the Best Vaccine? Covaxin vs Covishield | Dhruv Rathee,https://www.youtube.com/watch?v=9JBu8s-3fCw,https://img.youtube.com/vi/9JBu8s-3fCw/hqdefault.jpg,44322,25,25,FALSE,,7,5,2021,07:15:14
UgxqzBatk_eHTtS6esp4AaABAg,9JBu8s-3fCw,,0,Me and my family took sinopharm. Hopefully no side effects,Me and my family took sinopharm. Hopefully no side effects,@yaish6753,2021-05-06 19:38:55+00:00,2021-05-06T19:38:55Z,0,0,English,pro,,Which is the Best Vaccine? Covaxin vs Covishield | Dhruv Rathee,https://www.youtube.com/watch?v=9JBu8s-3fCw,https://img.youtube.com/vi/9JBu8s-3fCw/hqdefault.jpg,44322,10,10,FALSE,,6,5,2021,19:38:55
UgxhOvXWlI4Ojw-MueR4AaABAg,9JBu8s-3fCw,,0,"Today I have took covaxin first dose , I don't know why feeling bit energetic ✌🏻😎","Today I have took covaxin first dose , I don't know why feeling bit energetic",@offcameraview8298,2021-05-06 19:08:38+00:00,2021-05-06T19:08:38Z,1,5,English,pro,,Which is the Best Vaccine? Covaxin vs Covishield | Dhruv Rathee,https://www.youtube.com/watch?v=9JBu8s-3fCw,https://img.youtube.com/vi/9JBu8s-3fCw/hqdefault.jpg,44322,16,15,FALSE,,6,5,2021,19:08:38
